Title,,,,Option1 Name,Option1 Value,Option2 Name,Option2 Value,Option3 Name,Option3 Value,,,p-price,p-sale-price,,Images,,,Collections
ورق التلخيص الفرداني,,,,,,,,,,,,148.5,135,,https://assets.wuiltstore.com/cmp57sqqm000d01lvaoobd360_view.webp https://assets.wuiltstore.com/cmp57sr8u000e01lv4if6hliu_view https://assets.wuiltstore.com/cmp57sry5000g01lv3rih1ea2_view.webp https://assets.wuiltstore.com/cmp57ssh7000h01lv71dg9gqd_view https://assets.wuiltstore.com/cmp57st8l000j01lv517k9dh4_view.webp https://assets.wuiltstore.com/cmp57stse000k01lvgt1027qb_view https://assets.wuiltstore.com/cmp57sv8c000o01lvgzfih2ob_view.webp https://assets.wuiltstore.com/cmp57suix000m01lvdp9hcr9y_view.webp,,,
كتاب التلوين,,,,,,,,,,,,176,160,,https://assets.wuiltstore.com/cmp459o35079001p30d909yt6_view.webp https://assets.wuiltstore.com/cmp459psc079201p3dfgqe8ui_view.webp https://assets.wuiltstore.com/cmp459qif079401p368dl6nmk_view.webp https://assets.wuiltstore.com/cmp57slc3000001lv1ehm299d_view https://assets.wuiltstore.com/cmp57slx8000101lvdehg13ar_view https://assets.wuiltstore.com/cmp57smtj000301lvhxc313xq_view.webp https://assets.wuiltstore.com/cmp57sntk000501lvc2f7cs34_view.webp https://assets.wuiltstore.com/cmp57soo9000701lvb6io2e0l_view.webp https://assets.wuiltstore.com/cmp57sq18000b01lvbltcdbdp_view.webp https://assets.wuiltstore.com/cmp57spck000901lvbs4a0cpj_view.webp,,,
اسكوشي بالونه,,,,,,,,,,,,77,70,,https://assets.wuiltstore.com/cmorhfpyv04bt01lngsq21qko_view https://assets.wuiltstore.com/cmorhfrfi04bx01ln4jag3g5p_view.webp https://assets.wuiltstore.com/cmorhfqq404bv01ln20zegh9h_view.webp,,,ألعاب
مدالية,,,,,,,,,,,,22,20,,https://assets.wuiltstore.com/cmostcq20063m01lncgl60toh_view.webp https://assets.wuiltstore.com/cmostcrii063p01ln0p9w1lrm_view https://assets.wuiltstore.com/cmostcqzi063o01ln17jfhmp3_view.webp,,,ألعاب
مج حراري ديجيتال,,,,,,,,,,,,198,180,,https://assets.wuiltstore.com/cmorn32tx04ow01lnbb86dxyg_view.webp https://assets.wuiltstore.com/cmorn31lg04os01lnhc3b4ado_view.webp https://assets.wuiltstore.com/cmorn328h04ou01ln6ipg586r_view.webp,,,لانش بوكس_مجات_زجاجات
الوان تاتش ,,,,الاختيار,36 لون,,,,,,,275,250,,https://assets.wuiltstore.com/cmorhh7ss04ca01ln46y4hwka_view.webp https://assets.wuiltstore.com/cmorhh6pi04c801ln281ecom1_view.webp https://assets.wuiltstore.com/cmorhh8m004cc01lnhanx4767_view.webp https://assets.wuiltstore.com/cmorhh9dy04ce01ln7gf7h2ho_view.webp https://assets.wuiltstore.com/cmorhhabh04cg01ln7rj8e03m_view.webp https://assets.wuiltstore.com/cmorhhc2m04cj01ln1mvp073n_view.webp https://assets.wuiltstore.com/cmorhhaua04ch01lne9d4bih3_view,,,"أدوات فنية / تلوين,عروض لفتره محدوده"
,,,,الاختيار,48 لون,,,,,,,330,300,,,,,
,,,,الاختيار,60 لون,,,,,,,440,400,,,,,
,,,,الاختيار,80 لون,,,,,,,550,500,,,,,
بلانر سنوية,,,,الطلب,كل المرفقات,,,,,,,600,500,,https://assets.wuiltstore.com/cmintf0lg0aan01kqhkww95v6_64.png https://assets.wuiltstore.com/cmintf1qd0aao01kqg1c646x9_65.png https://assets.wuiltstore.com/cmintf2t60aap01kqcxd0gkkc_66.png https://assets.wuiltstore.com/cmintf3t50aaq01kq3bbic20y_67.png https://assets.wuiltstore.com/cmintf4r40aar01kq95eeejtg_68.png https://assets.wuiltstore.com/cmintf5pa0aas01kq12ofa76j_69.png https://assets.wuiltstore.com/cmintf6mj0aat01kqds8felwp_70.png https://assets.wuiltstore.com/cmintf7jy0aau01kqbrg45dz0_71.png https://assets.wuiltstore.com/cmintf9j60aaw01kqa1o4ctlq_72.png https://assets.wuiltstore.com/cmintf8i20aav01kqf105cg9q_73.png,,,
,,,,الطلب,بلانر سنوية + بوك مارك,,,,,,,600,350,,,,,
مراية ارنوب,,,,,,,,,,,,77,70,,https://assets.wuiltstore.com/cmormx5uq04od01lnd55rd1kc_view.webp,,,"ديكور المكتب,شنط / توك / اكسسورات"
مج ايس,,,,,,,,,,,,198,180,,https://assets.wuiltstore.com/cmorn2ntx04ok01lndg8k49ba_view.webp https://assets.wuiltstore.com/cmorn2oww04om01ln5640dyws_view.webp https://assets.wuiltstore.com/cmorn2qjl04oq01lnc1e2b51g_view.webp https://assets.wuiltstore.com/cmorn2pq904oo01ln15rrcq9u_view.webp,,,لانش بوكس_مجات_زجاجات
استيكر رحلتي,,,,,,,,,,,,27.5,25,,https://assets.wuiltstore.com/cmosqt6p005wt01lngeji2lmr_view.webp https://assets.wuiltstore.com/cmosqt5gf05wr01ln6ja2fxi2_view.webp,,,"استيكرات,ادوات التخطيط والتلخيص"
بورد انجازات وتقيم رحلتي بقلم السبورة,,,,,,,,,,,,38.5,35,,https://assets.wuiltstore.com/cmosqui3w05wy01ln59pi7ey6_view.webp https://assets.wuiltstore.com/cmosquh9505ww01lnapqv12ag_view.webp,,,ادوات التخطيط والتلخيص
خاتم تسبيح,,,,,,,,,,,,16.5,15,,https://assets.wuiltstore.com/cmosqsugz05wo01ln1zed8hxk_view.webp,,,ادوات التخطيط والتلخيص
اسكوشي كرومي وفرولة,,,,,,,,,,,,77,70,,https://assets.wuiltstore.com/cmorhg2fd04c101ln6c4g1rc2_view.webp https://assets.wuiltstore.com/cmorhg17j04bz01lnhcb09z0r_view.webp,,,ألعاب
اسلايم مائي,,,,,,,,,,,,11,10,,https://assets.wuiltstore.com/cmormxeg004of01ln2obqh8b6_view.webp,,,ألعاب
الالعاب الورقية,,,,الاختيار,أتوبيس كومبليت,,,,,,,66,60,,https://assets.wuiltstore.com/cmorhi6c504cl01ln89chcidi_view.webp https://assets.wuiltstore.com/cmorhi7f104cn01lnf9fs88j4_view.webp https://assets.wuiltstore.com/cmorhi8gn04cp01lnhe7u5eo4_view.webp https://assets.wuiltstore.com/cmorhi93x04cr01ln3jagd51n_view.webp https://assets.wuiltstore.com/cmorhia1804ct01ln4uwhgslz_view.webp https://assets.wuiltstore.com/cmorhib5q04cv01lnddpfcbof_view.webp https://assets.wuiltstore.com/cmorhicae04cx01ln6jq1fpf3_view.webp https://assets.wuiltstore.com/cmorhidv304d101ln0elrgfm0_view.webp https://assets.wuiltstore.com/cmorhid0h04cz01ln2vl76vw6_view.webp,,,ألعاب
,,,,الاختيار,معلش احنا بنحور,,,,,,,66,60,,,,,
,,,,الاختيار,قول او افعل,,,,,,,66,60,,,,,
,,,,الاختيار,اسكرو,,,,,,,66,60,,,,,
بابلز فيل,,,,,,,,,,,,16.5,15,,https://assets.wuiltstore.com/cmormtv4004nd01ln2s8yh2d0_view.webp https://assets.wuiltstore.com/cmormtu2704nb01lnfp2mgsj8_view.webp,,,ألعاب
اسلايم مائي 518,,,,,,,,,,,,11,10,,https://assets.wuiltstore.com/cmormxjnm04oh01lnhnsyefio_view.webp,,,
حافظة ملفات جرار A4,,,,,,,,,,,,27.5,25,,https://assets.wuiltstore.com/cmormw8en04o501ln4hb5ayq8_view.webp https://assets.wuiltstore.com/cmormw96p04o701ln25p530t0_view.webp https://assets.wuiltstore.com/cmormwajs04ob01lncsbvely6_view.webp https://assets.wuiltstore.com/cmormw9w004o901ln5d8pdntd_view.webp,,,
نوتة coco Aland,,,,,,,,,,,,55,50,,https://assets.wuiltstore.com/cmormvfzi04ny01ln8h976o3l_view.webp https://assets.wuiltstore.com/cmormveqd04nw01lncc4vf5op_view.webp,,,
نوتة ميلودي ب قلم,,,,,,,,,,,,55,50,,https://assets.wuiltstore.com/cmormv4ay04nt01ln7dzycni6_view.webp https://assets.wuiltstore.com/cmormv3oq04nr01ln4fbdd8n1_view.webp,,,
نوتة استيكر ميلودي,,,,,,,,,,,,77,70,,https://assets.wuiltstore.com/cmormuspt04nf01ln2til4hks_view.webp https://assets.wuiltstore.com/cmormutjf04nh01ln3as32jhx_view.webp https://assets.wuiltstore.com/cmormuuf304nj01ln3wj8eod7_view.webp https://assets.wuiltstore.com/cmormuveu04nl01ln659td4ra_view.webp https://assets.wuiltstore.com/cmormuxdh04np01lncml26a5q_view.webp https://assets.wuiltstore.com/cmormuw8g04nn01ln0fueedie_view.webp,,,
مرايا ودن قطه,,,,اللون,بينك,,,,,,,154,140,,https://assets.wuiltstore.com/cmnap9tzd040401l18q7of3l5_view https://assets.wuiltstore.com/cmnap9syn040301l1btvw4dm4_view https://assets.wuiltstore.com/cmnap9sy205lv01m1fxd2632z_view https://assets.wuiltstore.com/cmoou4wio00lf01n7d1s266m3_instapay.webp https://assets.wuiltstore.com/cmoou5a7o00lh01n7gv3mceoq_instapay.webp https://assets.wuiltstore.com/cmoou5g8n00lk01n7cf655wkp_WhatsApp_Image_2026-04-24_at_2.33.15_PM__2_.webp,,,
,,,,اللون,ابيض ,,,,,,,154,140,,,,,
لعبة المغناطيس,,,,,,,,,,,,165,150,,https://assets.wuiltstore.com/cmjbj3vn901d601irfl2n4pss_view,,,ألعاب
صلصال الفوم,,,,,,,,,,,,50,35,,https://assets.wuiltstore.com/cmj0cdlym056d01mshj6s0n5s_photo_1_2025-12-10_20-24-51.jpg https://assets.wuiltstore.com/cmj0cdmxy056e01msaettc03t_photo_8_2025-12-10_20-24-51.jpg https://assets.wuiltstore.com/cmj0cdnw9056f01msfvondgxp_photo_2_2025-12-10_20-24-51.jpg https://assets.wuiltstore.com/cmj0cdope056g01ms0ygj3u2j_photo_6_2025-12-10_20-24-51.jpg https://assets.wuiltstore.com/cmj0cdpvw056h01msffu6f9sf_photo_3_2025-12-10_20-24-51.jpg https://assets.wuiltstore.com/cmj0cdqo6056i01ms7nwwg422_photo_4_2025-12-10_20-24-51.jpg https://assets.wuiltstore.com/cmj0cdsbg056k01ms6ut99kcq_photo_5_2025-12-10_20-24-51.jpg https://assets.wuiltstore.com/cmj0cdrff056j01msfvw71j2d_photo_7_2025-12-10_20-24-51.jpg https://assets.wuiltstore.com/cmlwdy4qw0aop01gn2i0384a3_WhatsApp_Image_2026-02-21_at_3.59.12_PM.webp,,,"ألعاب,أدوات فنية / تلوين"
سبورة إلكترونية,,,,المقاس,10 بوصة,,,,,,,150,120,,https://assets.wuiltstore.com/cmkedshrb00gr01gn00eu6rk5_WhatsApp_Image_2026-01-14_at_8.42.20_PM.webp https://assets.wuiltstore.com/cmn9dg4le052601ld3ujgciwi_WhatsApp_Image_2026-03-27_at_10.43.07_PM.webp,,,"ألعاب,أدوات فنية / تلوين"
,,,,المقاس,12 بوصة,,,,,,,200,155,,,,,
,,,,المقاس,8.5 بوصة,,,,,,,150,90,,,,,
لعبة Chain game ,,,,,,,,,,,,200,170,,https://assets.wuiltstore.com/cmjbj3lsb01d401ir9h826ggm_view,,,ألعاب
لعبة التمساح,,,,,,,,,,,,150,100,,https://assets.wuiltstore.com/cmjbj3gfv01d301ir7i4k12ad_view,,,ألعاب
شنطة استيكر,,,,الشكل,استيتش,,,,,,,49.5,45,,https://assets.wuiltstore.com/cmn824isr04pp01kv93mq8bgt_view.webp https://assets.wuiltstore.com/cmn824iz904sp01m1gckyb52f_view.webp https://assets.wuiltstore.com/cmn824l1304pr01kvc8a3fji6_view.webp https://assets.wuiltstore.com/cmn824l3m04sr01m1c6yj33uu_view.webp https://assets.wuiltstore.com/cmn824ivs04pc01ld80gb9s2a_view.webp,,,
,,,,الشكل,ميلودي,,,,,,,49.5,45,,,,,
,,,,الشكل,كرومي,,,,,,,49.5,45,,,,,
,,,,الشكل,الفتيات,,,,,,,49.5,45,,,,,
مج + كوستر استيتش,,,,,,,,,,,,275,250,,https://assets.wuiltstore.com/cmojimfd004zj01o79d6t6v53_view.webp,,,لانش بوكس_مجات_زجاجات
فرشة شعر استيتش,,,,,,,,,,,,140,125,,https://assets.wuiltstore.com/cmlwgi7gq0azm01gn85va8aqr_view https://assets.wuiltstore.com/cmlwgk0d60b0301gnda0uhpid_photo_2026-02-21_17-12-31.webp,,,شنط / توك / اكسسورات
توتي باج استيتش,,,,اللون,أبيض,,,,,,,300,250,,https://assets.wuiltstore.com/cmngjkzhn076d01ld7f9q4lar_view https://assets.wuiltstore.com/cmngjl1k7076g01ld0pd01d4p_view.webp https://assets.wuiltstore.com/cmngjl0is076e01ldbx3xe3sd_view https://assets.wuiltstore.com/cmngjkzi005gy01l1gdav229k_view https://assets.wuiltstore.com/cmnool8hp01ih01n0afdy3wlg_IMG_20260407_155444_879.webp,,,شنط / توك / اكسسورات
,,,,اللون,أسود,,,,,,,300,250,,,,,
,,,,اللون,بينك,,,,,,,300,250,,,,,
,,,,اللون,أزرق,,,,,,,300,250,,,,,
سلايم + براية  استيتش,,,,,,,,,,,,70,55,,https://assets.wuiltstore.com/cmjap269t001k01ir4wzd7ior_view https://assets.wuiltstore.com/cmjap25c4001j01ir4r7224g9_view,,,ألعاب
منبة استيتش عربية,,,,اللون,ازرق ,,,,,,,330,310,,https://assets.wuiltstore.com/cmn9oek2p056u01kv9kb70cup_view.webp https://assets.wuiltstore.com/cmn9oek0a054s01kvge8i39mm_view.webp https://assets.wuiltstore.com/cmn9oel0c054t01kvdi7q5vmu_view https://assets.wuiltstore.com/cmn9oel20056v01kv02hgcr64_view,,,
,,,,اللون,بينك,,,,,,,330,310,,,,,
,,,,,,,,,,,,,,,,,,
,,,,,,,,,,,,,,,,,,
,,,,,,,,,,,,,,,,,,
,,,,,,,,,,,,,,,,,,
اسكتش رسم + 3 ختم والوان,,,,اللون,بينك,,,,,,,181.5,165,,https://assets.wuiltstore.com/cmn830mwu04q101ldabxib7l0_view.webp https://assets.wuiltstore.com/cmn830o2804or01kvdsla8w27_view.webp https://assets.wuiltstore.com/cmn830moq04op01kvb55lc5hn_view.webp,,,
,,,,اللون,اصفر,,,,,,,181.5,165,,,,,
,,,,اللون,ازرق ,,,,,,,181.5,165,,,,,
اباجورة حصاله,,,,,,,,,,,,300,275,,https://assets.wuiltstore.com/cmn9oq5yk054y01kvbpgo89a9_view https://assets.wuiltstore.com/cmn9oq5z7058b01m1hwt7e2ei_view https://assets.wuiltstore.com/cmn9oq5zi058701ld2tmc7y4d_view,,,ديكور المكتب
اباجورة دونت,,,,الشكل,كرومي,,,,,,,280,235,,https://assets.wuiltstore.com/cmn9p5mkd03pc01l14xochdp1_view https://assets.wuiltstore.com/cmn9p5mo1055001kv962m7gqc_view.webp,,,
,,,,الشكل,استيتش,,,,,,,280,235,,,,,
كوريكتور شريط بشخصيات سيناريوا ,,,,اللون,اصفر,,,,,,,49.5,45,,https://assets.wuiltstore.com/cmle805r7042401gn6a1m10l5_view https://assets.wuiltstore.com/cmle807rn042601gn4wzl24x2_view https://assets.wuiltstore.com/cmle806s5042501gncany8bct_view,,,
,,,,اللون,لبني,,,,,,,49.5,45,,,,,
,,,,اللون,بينك,,,,,,,49.5,45,,,,,
,,,,اللون,بنفسجي ,,,,,,,49.5,45,,,,,
مرايا,,,,,,,,,,,,20,,,https://assets.wuiltstore.com/cmksz2hnn0kvl01gn2hi7ct1k_WhatsApp_Image_2026-01-24_at_9.57.16_PM.webp,,,شنط / توك / اكسسورات
اسكوشي اريو واستيتش وكرومي,,,,الشكل,استيتش,,,,,,,77,70,,https://assets.wuiltstore.com/cmnytvssh04zh01l7gbflg0sb_view.webp https://assets.wuiltstore.com/cmnytvua804zj01l79aly1rfd_view.webp https://assets.wuiltstore.com/cmnytvsng056e01n0bce0ejq6_view.webp,,,
,,,,الشكل,اوريو,,,,,,,77,70,,,,,
,,,,الشكل,كرومي,,,,,,,77,70,,,,,
اسكوشي قطة و ارنوب,,,,الشكل,ميلودي,,,,,,,66,60,,https://assets.wuiltstore.com/cmnytrfpx05ax01l863cd4n3v_view.webp https://assets.wuiltstore.com/cmnytrdis054301lwaz9c3ufb_view https://assets.wuiltstore.com/cmnytre1004zd01l76yhb34zb_view.webp,,,
,,,,الشكل,ارنوب,,,,,,,66,60,,,,,
,,,,الشكل,هلو كيتي,,,,,,,66,60,,,,,
,,,,الشكل,قطة,,,,,,,66,60,,,,,
,,,,,,,,,,,,,,,,,,
,,,,,,,,,,,,,,,,,,
,,,,,,,,,,,,,,,,,,
,,,,,,,,,,,,,,,,,,
,,,,,,,,,,,,,,,,,,
,,,,,,,,,,,,,,,,,,
,,,,,,,,,,,,,,,,,,
,,,,,,,,,,,,,,,,,,
,,,,,,,,,,,,,,,,,,
,,,,,,,,,,,,,,,,,,
,,,,,,,,,,,,,,,,,,
,,,,,,,,,,,,,,,,,,
,,,,,,,,,,,,,,,,,,
,,,,,,,,,,,,,,,,,,
,,,,,,,,,,,,,,,,,,
,,,,,,,,,,,,,,,,,,
براية كف قطة ,,,,,,,,,,,,11,10,,https://assets.wuiltstore.com/cmo1ppb2h063c01lzei7v487h_view https://assets.wuiltstore.com/cmo1ppb47061l01l7anlheccf_view,,,برايات
براية 1 عين,,,,,,,,,,,,19.8,18,,https://assets.wuiltstore.com/cmo1pmuaa063901lzhxle3hex_view.webp https://assets.wuiltstore.com/cmo1pmwdq066a01lwepslfh8d_view.webp https://assets.wuiltstore.com/cmo1pmuvx066801lw21u1fzzz_view.webp,,,برايات
براية 2 عين,,,,,,,,,,,,30.8,28,,https://assets.wuiltstore.com/cmo1pmfr1066601lw45pkgy7y_view.webp https://assets.wuiltstore.com/cmo1pmgwa06c401l80uqt5hku_view.webp https://assets.wuiltstore.com/cmo1pmfgk06c201l8coex3xsv_view.webp,,,برايات
قلم + باببلز + ختم + اضائه عند الكتابه,,,,,,,,,,,,27.5,25,,https://assets.wuiltstore.com/cmo1pdpx8065z01lwcgxpbykr_view.webp https://assets.wuiltstore.com/cmo1pdpv0063201lz9t99hxqw_view.webp https://assets.wuiltstore.com/cmo1pdqvr066001lwcqa35mq1_view https://assets.wuiltstore.com/cmo1pdppc061501l765u7d6pz_view,,,"ألعاب,اقلام جاف / حبر"
لعبة جينجا,,,,,,,,,,,,220,200,,https://assets.wuiltstore.com/cmo1pdafl067901n0fl0c111j_view.webp https://assets.wuiltstore.com/cmo1pd8y3067701n05xy02u62_view.webp,,,ألعاب
سورتيت,,,,,,,,,,,,80,50,,https://assets.wuiltstore.com/cmjx7qkac0c3h01fu78hg08ix_WhatsApp_Image_2026-01-02_at_8.25.28_PM.jpeg https://assets.wuiltstore.com/cmjx7ql8x0c3i01fu0bo6hiws_WhatsApp_Image_2026-01-02_at_8.26.47_PM.jpeg https://assets.wuiltstore.com/cmjx7qn900c3k01fudixwa26i_WhatsApp_Image_2026-01-02_at_8.27.20_PM.jpeg https://assets.wuiltstore.com/cmjx7qm7o0c3j01fu7b2gbh5q_WhatsApp_Image_2026-01-02_at_8.28.13_PM.jpeg https://assets.wuiltstore.com/cmmggm9h001ak01lac2vn6ild_-5863860292104686856_121.webp https://assets.wuiltstore.com/cmmggm9k601c201ksfqpl6s7u_-5863860292104686857_121.webp https://assets.wuiltstore.com/cmmggmaea01al01la0oheetd6_-5863860292104686858_121.webp https://assets.wuiltstore.com/cmmggm9ju01cz01gp5yrr3uhn_-5863860292104686855_121.webp,,,شنط / توك / اكسسورات
ليجو ,,,,,,,,,,,,350,260,,https://assets.wuiltstore.com/cmo1kkaqe05wt01l76rq2074y_view.webp https://assets.wuiltstore.com/cmo1kkb0v062b01lwfnfaf7wl_view.webp https://assets.wuiltstore.com/cmo1kkb19063r01n0duelhrsz_view.webp https://assets.wuiltstore.com/cmo1kkcdi05wv01l7b4zlfzbw_view.webp https://assets.wuiltstore.com/cmo1kke2q05wx01l76si895b1_view.webp https://assets.wuiltstore.com/cmo1kkfq905wz01l71m923o2b_view.webp https://assets.wuiltstore.com/cmo1kkb8705zl01lzg6v4cjl8_view.webp,,,"ألعاب,عروض لفتره محدوده"
طقم خواتم,,,,,,,,,,,,22,20,,https://assets.wuiltstore.com/cmo1ou4y7060m01l7cajgdn0j_view.webp,,,شنط / توك / اكسسورات
غوايش أطفال,,,,,,,,,,,,22,20,,https://assets.wuiltstore.com/cmo1otzpt066n01n00ofh2e7x_view.webp https://assets.wuiltstore.com/cmo1otzvb062j01lz8ecy7oiv_view.webp,,,شنط / توك / اكسسورات
انسيال,,,,,,,,,,,,22,20,,https://assets.wuiltstore.com/cmo1onvfx066i01n014or7c9p_view.webp https://assets.wuiltstore.com/cmo1onvhi062d01lz3azg5qcb_view.webp,,,شنط / توك / اكسسورات
سلسلة,,,,,,,,,,,,22,20,,https://assets.wuiltstore.com/cmo1ol5z106b401l8gtnr4jfn_view.webp https://assets.wuiltstore.com/cmo1ol5mi066e01n0cpir5nx6_view,,,شنط / توك / اكسسورات
قلم رصاص سن 7 سناريوا,,,,,,,,,,,,27.5,25,,https://assets.wuiltstore.com/cmo1o4as105zy01l72h1g3z3n_view,,,اقلام رصاص / سنون
قلم استيتش اله حاسبة ظهر متاهة,,,,,,,,,,,,88,80,,https://assets.wuiltstore.com/cmo1o3ewj05zu01l768911lsx_view https://assets.wuiltstore.com/cmo1o3eyj064v01lw2nv339js_view https://assets.wuiltstore.com/cmo1o3fz305zv01l7ci8zcvgu_view,,,اقلام جاف / حبر
قلم استيتش بمدالية + هيلايتر,,,,,,,,,,,,44,40,,https://assets.wuiltstore.com/cmo1o3rbo06at01l8dk193ibb_view.webp https://assets.wuiltstore.com/cmo1o3siv06av01l8dmmrh7ak_view.webp https://assets.wuiltstore.com/cmo1o3rky064x01lw92xuh663_view.webp,,,اقلام جاف / حبر
قلم كرومي اله حاسبة ظهر متاهة,,,,,,,,,,,,88,80,,https://assets.wuiltstore.com/cmo1o30y905zt01l705pq1bkt_view.webp https://assets.wuiltstore.com/cmo1o30vp06ar01l89mavbi37_view.webp https://assets.wuiltstore.com/cmo1o30ym064u01lwhhe42klc_view.webp,,,اقلام جاف / حبر
قلم كرومي قصير,,,,,,,,,,,,22,20,,https://assets.wuiltstore.com/cmo1o3za905zx01l77yu01vdf_view.webp,,,اقلام جاف / حبر
نوتة مع نفسي,,,,,,,,,,,,66,60,,https://assets.wuiltstore.com/cmo1l55wx063001lw4pya567z_view.webp https://assets.wuiltstore.com/cmo1l54j0062y01lw8mho7j3q_view,,,"ادوات التخطيط والتلخيص,نوت بوك"
دباسه باندا,,,,,,,,,,,,80,60,,https://assets.wuiltstore.com/cmkedct3100gd01gna5ptbfiv_WhatsApp_Image_2026-01-14_at_8.42.49_PM.webp,,,
استيكي نوت سناريوا,,,,,,,,,,,,44,40,,https://assets.wuiltstore.com/cmo1l5ald05xq01l78h1qb2d9_view.webp,,,استيكي نوت
طقم اقلام رصاص,,,,,,,,,,,,99,90,,https://assets.wuiltstore.com/cmo1lm3z3063f01lwh51o7c72_view.webp,,,اقلام رصاص / سنون
محفظة استيتش,,,,,,,,,,,,104.5,95,,https://assets.wuiltstore.com/cmo1l4w9m05xo01l75ruwh2bt_view.webp https://assets.wuiltstore.com/cmo1l4x66060101lz74vz1fvy_view.webp https://assets.wuiltstore.com/cmo1l4vlu05zz01lz90e5999l_view,,,شنط / توك / اكسسورات
محفظة كرومي,,,,,,,,,,,,93.5,85,,https://assets.wuiltstore.com/cmo1l4h89062v01lwc6s10tj2_view.webp https://assets.wuiltstore.com/cmo1l4gt7068x01l8gtf1hk0a_view https://assets.wuiltstore.com/cmo1l4gc4064c01n0bi238sla_view https://assets.wuiltstore.com/cmo1l4ig4062x01lw4iyrg1yt_view.webp,,,شنط / توك / اكسسورات
اللعبة الراقصة,,,,الشخصية,الارنب,,,,,,,400,300,,https://assets.wuiltstore.com/cmkeininw00py01gnaso85ni5_WhatsApp_Image_2026-01-14_at_10.59.47_PM.webp https://assets.wuiltstore.com/cmkeinkwm00q001gnffa0dhra_WhatsApp_Image_2026-01-14_at_11.01.12_PM.webp https://assets.wuiltstore.com/cmkeinjus00pz01gn4fd360e0_WhatsApp_Image_2026-01-14_at_11.00.16_PM.webp https://assets.wuiltstore.com/cmkeinn4a00q201gn1hoscwjn_WhatsApp_Image_2026-01-14_at_11.02.19_PM.webp,,,"ألعاب,العاب رمضان"
,,,,الشخصية,المهرج,,,,,,,400,300,,,,,
,,,,الشخصية,كرومي,,,,,,,400,300,,,,,
,,,,الشخصية,توم,,,,,,,400,300,,,,,
قلم متعدد الالوان,,,,,,,,,,,,49.5,45,,https://assets.wuiltstore.com/cmo1kkl6w068f01l8h0g6ahot_view.webp,,,اقلام متعددة الالوان
مدالية استيتش فرو,,,,,,,,,,,,132,120,,https://assets.wuiltstore.com/cmn84x45a038k01l13ubxhmp4_view.webp https://assets.wuiltstore.com/cmn84x44t04r401ld24694rv9_view.webp https://assets.wuiltstore.com/cmn84x4bm04pg01kvfy6a0u13_view.webp https://assets.wuiltstore.com/cmn84x5rw04qv01kv6mo41nr3_view.webp https://assets.wuiltstore.com/cmn84x4e804qt01kv6evg6yzf_view.webp,,,شنط / توك / اكسسورات
ميداليه,,,,,,,,,,,,20,,,https://assets.wuiltstore.com/cmj0cpwfa059s01ms2rwr2xmf_photo_29_2025-12-10_20-24-51.jpg https://assets.wuiltstore.com/cmj0cpxhb059t01ms8uzjdidx_photo_30_2025-12-10_20-24-51.jpg https://assets.wuiltstore.com/cmj0cpymg059u01msgn411mtv_photo_31_2025-12-10_20-24-51.jpg https://assets.wuiltstore.com/cmj0cq16y059w01ms4wti3h3r_photo_32_2025-12-10_20-24-51.jpg https://assets.wuiltstore.com/cmj0cpzwl059v01ms6zq6gbgp_photo_33_2025-12-10_20-24-51.jpg,,,شنط / توك / اكسسورات
بوببيت,,,,,,,,,,,,195,150,,https://assets.wuiltstore.com/cmo038hlt05d601l7hxtneanf_view.webp https://assets.wuiltstore.com/cmo038hv805fp01lzaghpcg12_view.webp,,,ألعاب
فرشة شعر هلو كيتي,,,,,,,,,,,,99,90,,https://assets.wuiltstore.com/cmo0di1x305x101l8ex1jbk14_view.webp https://assets.wuiltstore.com/cmo0di24m05mh01lzffkn8g63_view.webp,,,شنط / توك / اكسسورات
سورتيت سناريوا,,,,,,,,,,,,66,60,,https://assets.wuiltstore.com/cmo0dhsr205qx01n03gvz079l_view https://assets.wuiltstore.com/cmo0dhu0205qz01n09d30hpeo_view.webp,,,شنط / توك / اكسسورات
لعبة الجيل المائي,,,,,,,,,,,,286,260,,https://assets.wuiltstore.com/cmnysy48a053b01lw0oa7ga41_view https://assets.wuiltstore.com/cmnysy37h053a01lw5qch2zhf_view.webp https://assets.wuiltstore.com/cmnysy2zm055j01n0gbup3bv4_view.webp,,,"ألعاب,أدوات فنية / تلوين,الأكثر مبيعًا"
علبه اقلام شي ان ازرق,,,,,,,,,,,,71.5,65,,https://assets.wuiltstore.com/cmlmg2bbj011901gn7bhceozk_photo_3_2026-02-14_17-00-22.webp https://assets.wuiltstore.com/cmlmg2964011701gn0vzf14vj_photo_2_2026-02-14_17-00-22.webp https://assets.wuiltstore.com/cmkzfz96y019g01gndctf9vyg_view https://assets.wuiltstore.com/cmlmg2a99011801gn4c9l5l9h_photo_4_2026-02-14_17-00-22.webp,,,اقلام جاف / حبر
منظم اقلام كبير ,,,,,,,,,,,,308,280,,https://assets.wuiltstore.com/cmli6zdxg01gv01gnei6t7oz0_view https://assets.wuiltstore.com/cmli6zgo401gx01gn14q7fw9w_view https://assets.wuiltstore.com/cmli6zfgo01gw01gn99zx6ray_view,,,المنظمات
منظم كتب,,,,اللون,ازرق ,,,,,,,236.5,215,,https://assets.wuiltstore.com/cmli19xfs010201gn8hdg00ae_view https://assets.wuiltstore.com/cmli3reyn017y01gna588ca1d_photo_2026-02-11_16-05-16.webp https://assets.wuiltstore.com/cmli19yew010301gnem1t8imm_view,,,
,,,,اللون,اخضر,,,,,,,236.5,215,,,,,
,,,,اللون,بنفسجي ,,,,,,,236.5,215,,,,,
,,,,اللون,بينك,,,,,,,236.5,215,,,,,
قلم عضم,,,,,,,,,,,,50,35,,https://assets.wuiltstore.com/cmjt958co06i201fu29zt2kl3_WhatsApp_Image_2025-12-31_at_1.55.31_AM__2_.jpeg https://assets.wuiltstore.com/cmjt9593r06i301fu3x9s4oft_WhatsApp_Image_2025-12-31_at_1.55.31_AM__3_.jpeg https://assets.wuiltstore.com/cmjt959vo06i401fu9n74bx4u_WhatsApp_Image_2025-12-31_at_1.55.31_AM.jpeg https://assets.wuiltstore.com/cmjt95amv06i501fu3z317tud_WhatsApp_Image_2025-12-31_at_1.55.31_AM__1_.jpeg,,,اقلام جاف / حبر
مفرش,,,,المقاس,120x100,,,,,,,110,,,https://assets.wuiltstore.com/cmjkozhiy07ld01ir51qv7cv1_photo_7_2025-12-25_02-13-25.jpg https://assets.wuiltstore.com/cmjkoziha07le01ircdexh4f1_photo_6_2025-12-25_02-13-25.jpg https://assets.wuiltstore.com/cmjkozjh207lf01irfxxabnh0_photo_8_2025-12-25_02-13-25.jpg https://assets.wuiltstore.com/cmjkozkeh07lg01irdkg4gw6l_photo_9_2025-12-25_02-13-25.jpg https://assets.wuiltstore.com/cmjkozlcy07lh01ir0c8z68wd_photo_1_2025-12-25_02-13-25.jpg https://assets.wuiltstore.com/cmjkozmb207li01irgs76a69g_photo_2_2025-12-25_02-13-25.jpg https://assets.wuiltstore.com/cmjkozna107lj01ir81tg70n9_photo_3_2025-12-25_02-13-25.jpg https://assets.wuiltstore.com/cmjkozo7o07lk01ir7keu5lty_photo_4_2025-12-25_02-13-25.jpg https://assets.wuiltstore.com/cmjkozp2907ll01irec991b2g_photo_5_2025-12-25_02-13-25.jpg https://assets.wuiltstore.com/cmmggl2h801c101ks0gmkbpnk_IMG-20260307-WA0080.webp,,,"ديكور المكتب,المنظمات"
,,,,المقاس,100x150,,,,,,,140,,,,,,
طقم أدوات دراسة ظهر سبورة,,,,,,,,,,,,66,60,,https://assets.wuiltstore.com/cmo04xcu205e401l7d4syc1qw_view.webp https://assets.wuiltstore.com/cmo04xavk05e201l71kh4g2b7_view.webp https://assets.wuiltstore.com/cmo04xac605gf01lz41ue2oh3_view.webp,,,اقلام رصاص / سنون
50 صورة للحائط من اختياركم,,,,,,,,,,,,110,100,,https://assets.wuiltstore.com/cmo04xksw05gh01lzag9m0rka_view.webp https://assets.wuiltstore.com/cmo04xl3e05e601l78rwf2tdv_view.webp,,,ديكور المكتب
باكت استيكر,,,,,,,,,,,,44,40,,https://assets.wuiltstore.com/cmn824qjm04pe01ld25vd1u5t_view.webp https://assets.wuiltstore.com/cmn824q9004o101kvhmc61y1h_view.webp,,,استيكرات
سبورة+ دايموند + جدول دراسي,,,,,,,,,,,,49.5,45,,https://assets.wuiltstore.com/cmlpgwsto07aj01gn2h451v2a_view https://assets.wuiltstore.com/cmlpgwusb07al01gn3lofhww7_view https://assets.wuiltstore.com/cmlpgwttp07ak01gn874v4gnv_view,,,ادوات التخطيط والتلخيص
طقم فنجان + تلوين,,,,,,,,,,,,368.5,335,,https://assets.wuiltstore.com/cmn9le8fz057601ld089kav84_view.webp https://assets.wuiltstore.com/cmn9le7c7055w01kv7d307xxx_view.webp https://assets.wuiltstore.com/cmn9le75e057601m149xv9jxv_view https://assets.wuiltstore.com/cmn9le76w057401ld4ack5hyg_view,,,أدوات فنية / تلوين
مج شي ان,,,,,,,,,,,,220,200,,https://assets.wuiltstore.com/cmo01wgdj05oj01l8akwzdwkc_view https://assets.wuiltstore.com/cmo01wgl105ed01lzf78h6f28_view.webp https://assets.wuiltstore.com/cmo01wgka05bm01l7c9ly2pis_view.webp,,,لانش بوكس_مجات_زجاجات
مج كرومي,,,,,,,,,,,,132,120,,https://assets.wuiltstore.com/cmo037oyd05d301l7aigubqkt_view.webp https://assets.wuiltstore.com/cmo037p7s05jn01n03q8iek5p_view.webp https://assets.wuiltstore.com/cmo037q7v05fm01lz895m6gbd_view.webp https://assets.wuiltstore.com/cmo037ouf05fk01lzcxiqdhnk_view.webp,,,لانش بوكس_مجات_زجاجات
مج كرومي بمدالية,,,,,,,,,,,,242,220,,https://assets.wuiltstore.com/cmo01x57v05bs01l7gtpu83ff_view,,,لانش بوكس_مجات_زجاجات
مج كريز,,,,,,,,,,,,132,120,,https://assets.wuiltstore.com/cmo022k2x05op01l82lx79rlg_view.webp https://assets.wuiltstore.com/cmo022kgv05ej01lzhhrugzns_view https://assets.wuiltstore.com/cmo022jog05hi01lwdd39bqiq_view https://assets.wuiltstore.com/cmo022kpm05hj01lwamkldefk_view https://assets.wuiltstore.com/cmo022joy05bx01l7aci9d7le_view,,,لانش بوكس_مجات_زجاجات
لعبة Xo مرعبين,,,,,,,,,,,,231,210,,https://assets.wuiltstore.com/cmnys7ro3054y01n091gu4ef0_view.webp https://assets.wuiltstore.com/cmnz921oe05cl01lwh1x41tls_s.webp https://assets.wuiltstore.com/cmnz921ob057d01l7glms7rck_WhatsApp_Image_2026-04-15_at_1.23.18_AM.webp,,,ألعاب
رول تلوين 3 متر,,,,,,,,,,,,137.5,125,,https://assets.wuiltstore.com/cmn9lusp6056401kva3vt4wld_view.webp https://assets.wuiltstore.com/cmn9lusko03oi01l15vyif3xo_view https://assets.wuiltstore.com/cmn9lusvs057a01ld34ki3e59_view.webp,,,أدوات فنية / تلوين
شيتات خربشة,,,,,,,,,,,,22,20,,https://assets.wuiltstore.com/cmjap1q5q001f01ir04z29ebd_view https://assets.wuiltstore.com/cmnjwepm107z601kva1qjcoel_cmn58jy0i03yd01m1h567ew2d_view.webp,,,أدوات فنية / تلوين
طقم تلوين بالبصمه ٣٠ رسمة,,,,,,,,,,,,390.5,355,,https://assets.wuiltstore.com/cmn9lel1y053u01kvhjjp1ucf_view.webp https://assets.wuiltstore.com/cmn9lel3403oe01l16opwhdx8_view.webp https://assets.wuiltstore.com/cmn9lel2i057801m12wr78w2t_view.webp,,,أدوات فنية / تلوين
لوحة تلوين,,,,اللون,ازرق ,,,,,,,55,50,,https://assets.wuiltstore.com/cml3aembf03me01gn3z0hfe2i_view https://assets.wuiltstore.com/cmnxeohoa04bw01l7eulqevyf_WhatsApp_Image_2026-04-13_at_6.26.27_PM.webp,,,
,,,,اللون,بينك,,,,,,,55,50,,,,,
لوحة تلوين + لوحة رسم,,,,,,,,,,,,143,130,,https://assets.wuiltstore.com/cmjbj32n701cz01ir4jbw80rz_view https://assets.wuiltstore.com/cmjbj318q01cy01ir6u6r0536_view,,,أدوات فنية / تلوين
نوتة  تلوين بالوان مائية,,,,,,,,,,,,60,50,,https://assets.wuiltstore.com/cmisttazv00ox01kq0tqibqwp_photo_1_2025-12-05_14-02-23.jpg https://assets.wuiltstore.com/cmisttc4u00oy01kqegjy3ufq_photo_2_2025-12-05_14-02-23.jpg https://assets.wuiltstore.com/cmisttd6k00oz01kq4p9lfkvc_photo_3_2025-12-05_14-02-23.jpg https://assets.wuiltstore.com/cmisttfdk00p101kq1tpoc043_photo_4_2025-12-05_14-02-23.jpg https://assets.wuiltstore.com/cmistte7300p001kq9fya7pps_photo_5_2025-12-05_14-02-23.jpg,,,أدوات فنية / تلوين
نوتة تلوين بالوان مائية + خربشة,,,,,,,,,,,,60,45,,https://assets.wuiltstore.com/cmistu1s100p501kq7vp80f5i_photo_8_2025-12-05_14-02-23.jpg https://assets.wuiltstore.com/cmistu0kw00p401kq6pia40y1_photo_6_2025-12-05_14-02-23.jpg https://assets.wuiltstore.com/cmistu2yh00p601kqcvwi6eb8_photo_7_2025-12-05_14-02-23.jpg,,,أدوات فنية / تلوين
نوتة تلوين وخربشة,,,,,,,,,,,,137.5,125,,https://assets.wuiltstore.com/cmn8475y404p001kvagrf8q5n_view.webp https://assets.wuiltstore.com/cmn8475pz04qh01lddvva2y4f_view.webp,,,أدوات فنية / تلوين
اسكوشي كف قطة,,,,,,,,,,,,55,50,,https://assets.wuiltstore.com/cmnytr0we056b01n09jq1g3sk_view.webp,,,ألعاب
برواز دايموند 20x20,,,,,,,,,,,,60.5,55,,https://assets.wuiltstore.com/cmnytqoan04za01l76f6jf1ir_view.webp https://assets.wuiltstore.com/cmnytqouz056901n0chh7461i_view.webp,,,ألعاب
الرسم بالخيط,,,,,,,,,,,,165,150,,https://assets.wuiltstore.com/cmnysyt9b053h01lw67w3dq1m_view.webp https://assets.wuiltstore.com/cmnysyrno053f01lw8a62f9zt_view.webp https://assets.wuiltstore.com/cmnysyq5b053d01lwakh5fybd_view.webp,,,أدوات فنية / تلوين
بازل روسي,,,,,,,,,,,,148.5,135,,https://assets.wuiltstore.com/cmnysfdx4052m01lw5uz0ewgm_view.webp,,,ألعاب
لعبة Magnetic استيتش,,,,,,,,,,,,165,150,,https://assets.wuiltstore.com/cmnys7g7e059h01l87msybmq1_view.webp,,,ألعاب
لعبة استيتش العضاض,,,,,,,,,,,,187,170,,https://assets.wuiltstore.com/cmnys6pnr054s01n067kl9iuq_view.webp https://assets.wuiltstore.com/cmnys6pfi04zs01lz4mhz5gyp_view,,,ألعاب
لعبة التوزان,,,,الاختيار,كرومي,,,,,,,165,135,,https://assets.wuiltstore.com/cmnys78tr054u01n0gj924ejq_view.webp https://assets.wuiltstore.com/cmnys78s9059d01l878hn06he_view.webp https://assets.wuiltstore.com/cmnys7aij059f01l8acwx7650_view.webp https://assets.wuiltstore.com/cmnyse1id054z01n09zf38zh0_cmjbj3cmd01d201ir9ix87ca3_view.webp,,,ألعاب
,,,,الاختيار,رجل الفضاء,,,,,,,165,135,,,,,
,,,,الاختيار,استيتش,,,,,,,165,150,,,,,
فواصل كتاب مغناطيس ,,,,الشكل,شهور,,,,,,,44,40,,https://assets.wuiltstore.com/cmn60gn6s040i01ldc9jj4x81_view.webp https://assets.wuiltstore.com/cmn60gn6702j501l158730bid_view.webp https://assets.wuiltstore.com/cmn60gn67043601m13zdvb0fx_view.webp https://assets.wuiltstore.com/cmnyqyz5504xa01l7evht7wsl_cmjbj5hdm01dg01irhiexhmbq_view.webp,,,"ادوات التخطيط والتلخيص,استيكي نوت"
,,,,الشكل,دب,,,,,,,44,40,,,,,
اسكراتش بوك,,,,الاختيار,وسط,,,,,,,33,30,,https://assets.wuiltstore.com/cmnyo1ig304uo01l7cxu90u8r_view.webp https://assets.wuiltstore.com/cmnyo1hq2050q01n08c7gej4w_view.webp https://assets.wuiltstore.com/cmnyo1i8a055701l81exa0i0y_view.webp https://assets.wuiltstore.com/cmnyo1hwv04z301lwcabq2ag6_view.webp,,,"ألعاب,أدوات فنية / تلوين"
,,,,الاختيار,كبير,,,,,,,55,50,,,,,
,,,,الاختيار,صغير,,,,,,,22,20,,,,,
دايموند صغير,,,,,,,,,,,,44,40,,https://assets.wuiltstore.com/cmnyovhse04wt01lz8l9dcgpk_IMG-20260414-WA0033.webp https://assets.wuiltstore.com/cmnut183a03o801l81xr60whg_view.webp,,,ألعاب
كوريكتور 12m,,,,اللون,اصفر,,,,,,,50,45,,https://assets.wuiltstore.com/cminnv5hy09um01kq2kmu7jd5_2.png https://assets.wuiltstore.com/cminnv7l709uo01kq6ie5ewr3_3.png https://assets.wuiltstore.com/cminnv6is09un01kq18q2hqsc_1.png,,,كوريكتور
,,,,اللون,بنفسجي ,,,,,,,50,45,,,,,
,,,,اللون,بينك,,,,,,,50,45,,,,,
,,,,اللون,ازرق ,,,,,,,50,45,,,,,
,,,,اللون,اخضر,,,,,,,50,45,,,,,
طقم دراسي بالوان مائية ,,,,,,,,,,,,66,60,,https://assets.wuiltstore.com/cmlc7vlre037q01gnf3bo0zxd_view https://assets.wuiltstore.com/cmlc7vo9n037s01gn8dkc66wz_view https://assets.wuiltstore.com/cmlc7vn5b037r01gne4rle22e_view,,,اقلام رصاص / سنون
مجموعة دراسية مع نوتة ,,,,,,,,,,,,60.5,55,,https://assets.wuiltstore.com/cmlc7toaj037l01gn6pzmctny_view https://assets.wuiltstore.com/cmlc7tphb037n01gn5dkugf18_view.webp,,,اقلام رصاص / سنون
 دايموند 20×20,,,,,,,,,,,,82.5,75,,https://assets.wuiltstore.com/cmnusynae03l001lwb4fgeemp_view.webp https://assets.wuiltstore.com/cmnusypsq03o001l8b6p1e986_view.webp https://assets.wuiltstore.com/cmnusymjg03nw01l81joef7br_view.webp https://assets.wuiltstore.com/cmnusyo9p03ny01l8achv0p9m_view.webp https://assets.wuiltstore.com/cmnusymtk03lf01n004yybwtz_view.webp https://assets.wuiltstore.com/cmnusymyk03eq01l7eyyma0jt_view.webp https://assets.wuiltstore.com/cmnusyol403lh01n01k8n4x9i_view.webp https://assets.wuiltstore.com/cmnusymzp03fz01lzdzm93sov_view.webp https://assets.wuiltstore.com/cmnusyoy503es01l7191hahc7_view.webp https://assets.wuiltstore.com/cmnusyoor03g101lz2m1r6ku3_view.webp https://assets.wuiltstore.com/cmnxeaiyr04gk01lw5xyk2mq7_WhatsApp_Image_2026-04-13_at_6.12.52_PM.webp,,,ألعاب
قلم رصاص اشكال ,,,,الشكل,كيتي,,,,,,,5.5,5,,https://assets.wuiltstore.com/cml70n3sf032z01gn2rubhw5z_view https://assets.wuiltstore.com/cml70n5yi033101gngs7jd51r_view https://assets.wuiltstore.com/cml70n4uf033001gn09zp5rg2_view,,,
,,,,الشكل,كرومي,,,,,,,5.5,5,,,,,
,,,,الشكل,استيتش,,,,,,,5.5,5,,,,,
اقلام تسطير,,,,,,,,,,,,80,60,,https://assets.wuiltstore.com/cmjbk48bo01hh01irdc880egx_view https://assets.wuiltstore.com/cmjbk49lq01hi01ir15hqbxvr_view https://assets.wuiltstore.com/cmjbk471k01hg01ir1npo9dbi_view,,,"أدوات فنية / تلوين,اقلام متعددة الالوان"
منبة شخصيات سناريوا,,,,الشكل,استيتش,,,,,,,280,250,,https://assets.wuiltstore.com/cmn9opmqd058901m17q7ce6op_view.webp https://assets.wuiltstore.com/cmn9oplh5058701m16ii8ahz0_view.webp https://assets.wuiltstore.com/cmnnuhsr8019701l7h47n84l1_IMG-20260330-WA0138.webp,,,
,,,,الشكل,كرومي,,,,,,,242,220,,,,,
,,,,الشكل,ميلودي,,,,,,,242,220,,,,,
دايموند 30x30,,,,,,,,,,,,154,140,,https://assets.wuiltstore.com/cmnuszgag03l501lw286r1ad8_view.webp https://assets.wuiltstore.com/cmnuszghq03ev01l7814x4oyg_view.webp https://assets.wuiltstore.com/cmnuszg1q03o201l8a410d3rc_view.webp https://assets.wuiltstore.com/cmnuszihl03ex01l79dee5qlk_view.webp https://assets.wuiltstore.com/cmnuszggo03ll01n05je99ery_view.webp https://assets.wuiltstore.com/cmnuszjen03o601l89uzp4x0i_view.webp https://assets.wuiltstore.com/cmnuszhz803o401l8ehi702tn_view.webp,,,ألعاب
منظم درج,,,,اللون,بينك,,,,,,,120,95,,https://assets.wuiltstore.com/cminlfbfm09oa01kqa1n42efr_1.png https://assets.wuiltstore.com/cminlfahe09o901kqh0zxd780_2.png,,,المنظمات
,,,,اللون,ابيض ,,,,,,,120,95,,,,,
محفظة مدالية  استيتش,,,,,,,,,,,,55,40,,https://assets.wuiltstore.com/cmm6r2onq0ch201k40i0w47rw_view,,,شنط / توك / اكسسورات
طوق فرو سناريوا ,,,,الشكل,بومبو,,,,,,,85,,,https://assets.wuiltstore.com/cmm6qf4o60cdv01k41sc0b25t_photo_2_2026-02-28_21-45-43.webp https://assets.wuiltstore.com/cmm6qf5rp0cdw01k4245u98iw_photo_1_2026-02-28_21-45-43.webp https://assets.wuiltstore.com/cmm6qf6ur0cdx01k4ggorhhwe_photo_3_2026-02-28_21-45-43.webp https://assets.wuiltstore.com/cmm6qf7xk0cdy01k4axbl0gev_photo_4_2026-02-28_21-45-43.webp https://assets.wuiltstore.com/cmm6qf9lz0ce001k4719hg1qa_photo_5_2026-02-28_21-45-43.webp https://assets.wuiltstore.com/cmm6qf8ri0cdz01k44hzebb9q_photo_6_2026-02-28_21-45-43.webp,,,
,,,,الشكل,ميلودي,,,,,,,85,,,,,,
,,,,الشكل,سينما رول,,,,,,,85,,,,,,
,,,,الشكل,كرومي,,,,,,,85,,,,,,
طقم أدوات دراسية بالوان شمع ,,,,,,,,,,,,44,40,,https://assets.wuiltstore.com/cmlc7rpg4037j01gn6cv12n2y_view https://assets.wuiltstore.com/cmlc7rqje037k01gn5voje3io_view,,,اقلام رصاص / سنون
فواصل شخصيات,,,,الشكل,استيتش,,,,,,,45,,,https://assets.wuiltstore.com/cmn3nrx6x03ii01ld8qap3uva_WhatsApp_Image_2026-03-23_at_10.23.52_PM.webp,,,
,,,,الشكل,شخصيات سيناريو,,,,,,,45,,,,,,
منظم كيتي,,,,اللون,بينك,,,,,,,198,180,,https://assets.wuiltstore.com/cmlii9sfc02ci01gn4hzxaqlq_view https://assets.wuiltstore.com/cmlii9rgt02ch01gn8lg27wdr_view,,,
,,,,اللون,ازرق ,,,,,,,198,180,,,,,
عربية لعبة,,,,,,,,,,,,35,20,,https://assets.wuiltstore.com/cmn9oa2un057u01ld8a2y9i8u_view.webp https://assets.wuiltstore.com/cmn9oa6yr057y01lde12q7ezy_view.webp https://assets.wuiltstore.com/cmn9oa50s057w01ldfr203zlj_view.webp https://assets.wuiltstore.com/cmn9oa2cz056k01kv4e4zc6yy_view.webp https://assets.wuiltstore.com/cmn9oa3um054k01kvdkjb6ob5_view.webp https://assets.wuiltstore.com/cmn9oa27g054i01kv9ay94vyg_view.webp,,,ألعاب
توتي باج مودرن,,,,اللون,اسود,,,,,,,300,250,,https://assets.wuiltstore.com/cmngjlgvs074a01kvb69c42q5_view https://assets.wuiltstore.com/cmngjlgvf076h01ldeuid2q67_view https://assets.wuiltstore.com/cmngjlgvr077101m1hs7p4hcl_view https://assets.wuiltstore.com/cmngjlhsb074b01kv2hp30zel_view,,,شنط / توك / اكسسورات
,,,,اللون,نبيتي,,,,,,,300,250,,,,,
,,,,اللون,بيج  ,,,,,,,300,250,,,,,
علبة استيكر,,,,الشكل,استيتش,,,,,,,82.5,75,,https://assets.wuiltstore.com/cmn825rbi04sx01m191l7g0v0_view.webp https://assets.wuiltstore.com/cmn825tij04sz01m108lvbi6l_view.webp https://assets.wuiltstore.com/cmn825r2204pv01kvdgw14yfa_view.webp https://assets.wuiltstore.com/cmn825r3h04o501kv75xo3r29_view.webp https://assets.wuiltstore.com/cmn825qzt04ph01ld6f5n51o7_view.webp,,,
,,,,الشكل,كرومي,,,,,,,82.5,75,,,,,
,,,,الشكل,ميلودي,,,,,,,82.5,75,,,,,
,,,,الشكل,سينما رول,,,,,,,82.5,75,,,,,
علبة الوان خشب 12 لون,,,,,,,,,,,,44,40,,https://assets.wuiltstore.com/cmn9mniwa057h01m1boki6qlu_view.webp https://assets.wuiltstore.com/cmn9mni7403oq01l1bphy8f3f_view https://assets.wuiltstore.com/cmn9mnloo057j01m17s52as55_view https://assets.wuiltstore.com/cmn9mnjux057i01m15s1hdtfb_view https://assets.wuiltstore.com/cmn9mni8m054601kv7mf0agqp_view,,,أدوات فنية / تلوين
علبة الوان خشب ١٢ لون قصير,,,,,,,,,,,,22,20,,https://assets.wuiltstore.com/cmn9mnpmb057l01m19hok1ocp_view.webp,,,أدوات فنية / تلوين
علبة الوان فلومستر,,,,,,,,,,,,22,20,,https://assets.wuiltstore.com/cmn9myu7d03or01l15ge73u7a_view,,,أدوات فنية / تلوين
اباجورة باندا,,,,,,,,,,,,275,250,,https://assets.wuiltstore.com/cmn9opwcm056z01kv44jt2sk0_view.webp https://assets.wuiltstore.com/cmn9opw59058a01m13n9xet2u_view https://assets.wuiltstore.com/cmn9opxb6057001kv48ex9fh2_view,,,ديكور المكتب
منبة رجل الفضاء,,,,,,,,,,,,275,250,,https://assets.wuiltstore.com/cmn9og3jv03p801l161wra7ea_view https://assets.wuiltstore.com/cmn9og3km054v01kvg57iaiqw_view,,,ديكور المكتب
لعبة مائية,,,,,,,,,,,,71.5,65,,https://assets.wuiltstore.com/cmn9ldu6q03oc01l18ou2c62z_view.webp https://assets.wuiltstore.com/cmn9ldu7t053q01kv4m86a72k_view.webp https://assets.wuiltstore.com/cmn9ldvef053s01kv69l12isl_view.webp https://assets.wuiltstore.com/cmn9ldu0b057501m1g3rjaiak_view.webp,,,ألعاب
الوان باستيل فلو ماستر,,,,,,,,,,,,100,75,,https://assets.wuiltstore.com/cminqg93k0a3g01kq2v5r3vhx_1.png https://assets.wuiltstore.com/cminqg80t0a3f01kq7cek1723_2.png,,,أدوات فنية / تلوين
هيلايتر دوبامين,,,,,,,,,,,,90,,,https://assets.wuiltstore.com/cminv25e90ag901kq2tiza2z2_24.png https://assets.wuiltstore.com/cminv24gg0ag801kq1qifa23g_25.png,,,اقلام هايلايتر
مقص اطفال ,,,,,,,,,,,,60.5,55,,https://assets.wuiltstore.com/cmn8lzm2l04tj01ld6oa59vox_view.webp,,,"أدوات فنية / تلوين,شنط / توك / اكسسورات"
 اشكال بازل + تلوين ,,,,,,,,,,,,50,45,,https://assets.wuiltstore.com/cmistrq6x00ot01kq58nteea5_7.jpg https://assets.wuiltstore.com/cmistrp0i00os01kq3ol20zdd_8.jpg,,,"ألعاب,أدوات فنية / تلوين"
فرشة شعر كرومي,,,,,,,,,,,,100,90,,https://assets.wuiltstore.com/cmisu1dza00pr01kqfy009nrq_photo_13_2025-12-05_14-02-23.jpg https://assets.wuiltstore.com/cmisu1cru00pq01kqgt6i7b6w_photo_14_2025-12-05_14-02-23.jpg,,,شنط / توك / اكسسورات
كوريكتور شريط,,,,,,,,,,,,60.5,55,,https://assets.wuiltstore.com/cmn8lwwg304th01ld6gd2dahc_view.webp,,,كوريكتور
ميستري بوكس استيتش مدالية,,,,,,,,,,,,300,200,,https://assets.wuiltstore.com/cmn84suv404qr01ldcq8vdm5k_view https://assets.wuiltstore.com/cmn84suvs04qq01kvfe4j11o0_view https://assets.wuiltstore.com/cmn84svtj04qr01kvavpf961z_view,,,ألعاب
اسكوشي فوم استيتش,,,,,,,,,,,,104.5,95,,https://assets.wuiltstore.com/cmn847ea804qj01ld07v6d1r2_view.webp https://assets.wuiltstore.com/cmn847dj004p201kva4fd9zi5_view.webp,,,ألعاب
اسلايم البركان,,,,,,,,,,,,110,100,,https://assets.wuiltstore.com/cmn8270a704o901kv050h2pkf_view.webp,,,ألعاب
اسلايم باندا,,,,,,,,,,,,55,50,,https://assets.wuiltstore.com/cmn82hoc304og01kvbqaw86yx_view.webp https://assets.wuiltstore.com/cmn82ho6w037o01l17a4weeap_view.webp,,,ألعاب
استيكر,,,,,,,,,,,,38.5,35,,https://assets.wuiltstore.com/cmn823z5d04nz01kv2f4cgjqw_view.webp,,,استيكرات
شيت استيكر استيتش,,,,,,,,,,,,22,20,,https://assets.wuiltstore.com/cmn823twq037e01l12wa9dnux_view.webp https://assets.wuiltstore.com/cmn823u4k04p801ldhj5ncpbm_view.webp https://assets.wuiltstore.com/cmn823vjh04pa01ld3ds7gs21_view.webp,,,استيكرات
نوتة +6 شيت استيكر,,,,,,,,,,,,38.5,35,,https://assets.wuiltstore.com/cmn8252h304pt01kv64fi12oa_view.webp https://assets.wuiltstore.com/cmn82524y04st01m19a6xc9qk_view.webp https://assets.wuiltstore.com/cmn82520u04o301kvao6a36wb_view.webp,,,استيكرات
اباجورة مكتب بسلك,,,,اللون,اخضر,,,,,,,250,220,,https://assets.wuiltstore.com/cmiolee700bsu01kqety25js2_23.png https://assets.wuiltstore.com/cmiolef6j0bsv01kqaecd2siu_24.png https://assets.wuiltstore.com/cmioleg950bsw01kq9ntzfc86_25.png https://assets.wuiltstore.com/cmiolehbx0bsx01kqc0ocdwf4_26.png https://assets.wuiltstore.com/cmiolejjo0bsz01kq17zxb7ub_27.png https://assets.wuiltstore.com/cmioleigi0bsy01kqe86igrhm_28.png,,,
,,,,اللون,اسود,,,,,,,250,220,,,,,
استيكي نوت + قلم,,,,,,,,,,,,35,,,https://assets.wuiltstore.com/cmn3nugkc020x01l1e5c25jvl_WhatsApp_Image_2026-03-23_at_10.26.37_PM.webp,,,استيكي نوت
فواصل كيتي,,,,,,,,,,,,50,,,https://assets.wuiltstore.com/cmn3ntgy703he01kv7m5s2xoa_WhatsApp_Image_2026-03-23_at_10.24.32_PM.webp,,,استيكي نوت
اهداء فيديو ,,,,,,,,,,,,55,50,,https://assets.wuiltstore.com/cmn0plxzp01gb01l16w6z9ijl__D8_B7_D9_84_D8_A8__D8_AC_D8_AF_D9_8A_D8_AF__1_.webp,,,
طوق فرو كيتي,,,,اللون,بينك,,,,,,,120,,,https://assets.wuiltstore.com/cmm6qfofu0ce201k4djsf7flm_photo_1_2026-02-28_21-46-34.webp https://assets.wuiltstore.com/cmm6qfqgj0ce401k40ux4e3gc_photo_2_2026-02-28_21-46-34.webp https://assets.wuiltstore.com/cmm6qfpga0ce301k4ct7a4v6o_photo_3_2026-02-28_21-46-34.webp,,,
,,,,اللون,ابيض ,,,,,,,120,,,,,,
اصيص زرع,,,,,,,,,,,,38.5,35,,https://assets.wuiltstore.com/cmm6rslik0cjp01k4djqhahvv_WhatsApp_Image_2026-02-28_at_3.03.26_PM.webp https://assets.wuiltstore.com/cmm6rsngq0cjr01k4g4ep3h1j_WhatsApp_Image_2026-02-28_at_3.04.30_PM.webp https://assets.wuiltstore.com/cmm6rsmgf0cjq01k43dt7gw25_WhatsApp_Image_2026-02-28_at_3.04.31_PM.webp,,,ديكور المكتب
فرع شجر مترين ونص,,,,,,,,,,,,35,30,,https://assets.wuiltstore.com/cmiom45a70bw001kq38u20qa2_50.png https://assets.wuiltstore.com/cmiom44fq0bvz01kqannp11de_49.png https://assets.wuiltstore.com/cmm6rs4b00cjo01k44j482emr_WhatsApp_Image_2026-02-28_at_2.59.17_PM.webp,,,ديكور المكتب
برطمان توك,,,,,,,,,,,,25,,,https://assets.wuiltstore.com/cmm6qcezr0cd701k425yg8qhr_photo_1_2026-02-28_21-43-23.webp https://assets.wuiltstore.com/cmm6qcg2a0cd801k4h4zfhg3r_photo_2_2026-02-28_21-43-23.webp https://assets.wuiltstore.com/cmm6qch5h0cd901k4bwxm4p8x_photo_3_2026-02-28_21-43-23.webp https://assets.wuiltstore.com/cmm6qci2x0cda01k44tvp2svz_photo_4_2026-02-28_21-43-23.webp https://assets.wuiltstore.com/cmm6qcj2k0cdb01k45at2dock_photo_5_2026-02-28_21-43-23.webp https://assets.wuiltstore.com/cmm6qcjz40cdc01k455tqhw5q_photo_6_2026-02-28_21-43-23.webp https://assets.wuiltstore.com/cmm6qckvg0cdd01k42pk5c4hc_photo_7_2026-02-28_21-43-23.webp https://assets.wuiltstore.com/cmm6qcn190cdf01k492sqg36v_photo_8_2026-02-28_21-43-23.webp https://assets.wuiltstore.com/cmm6qcltn0cde01k4gkbl1rz7_photo_9_2026-02-28_21-43-23.webp,,,شنط / توك / اكسسورات
توكة استك ارنوب ,,,,,,,,,,,,60,45,,https://assets.wuiltstore.com/cmm6pwboz0cb001k4995u4oht_photo_1_2026-02-28_21-31-17.webp https://assets.wuiltstore.com/cmm6pwcs30cb101k47b01f41b_photo_2_2026-02-28_21-31-17.webp https://assets.wuiltstore.com/cmm6pwex90cb301k45it79lo8_photo_3_2026-02-28_21-31-17.webp https://assets.wuiltstore.com/cmm6pwdvr0cb201k422v9fwvn_photo_4_2026-02-28_21-31-17.webp,,,شنط / توك / اكسسورات
توكة استك فرو,,,,,,,,,,,,30,25,,https://assets.wuiltstore.com/cmm6q3p4d0cbn01k43800ezta_photo_5_2026-02-28_21-32-06.webp https://assets.wuiltstore.com/cmm6q3q360cbo01k40n3m51rr_photo_4_2026-02-28_21-32-06.webp https://assets.wuiltstore.com/cmm6q3r3w0cbp01k45ul7blnt_photo_1_2026-02-28_21-32-06.webp https://assets.wuiltstore.com/cmm6q3t4j0cbr01k44vn33tww_photo_2_2026-02-28_21-32-06.webp https://assets.wuiltstore.com/cmm6q3s5f0cbq01k4e2od29pk_photo_3_2026-02-28_21-32-06.webp,,,شنط / توك / اكسسورات
توكة استك فرو وردة,,,,,,,,,,,,80,60,,https://assets.wuiltstore.com/cmm6pv92t0caw01k48l3a84i4_photo_1_2026-02-28_21-30-43.webp https://assets.wuiltstore.com/cmm6pvbo90caz01k41v2yccaa_photo_2_2026-02-28_21-30-43.webp https://assets.wuiltstore.com/cmm6pvaqb0cay01k4ewj3f3uw_photo_3_2026-02-28_21-30-43.webp,,,شنط / توك / اكسسورات
ويبس أطفال,,,,,,,,,,,,11,10,,https://assets.wuiltstore.com/cmm6qodj80cf001k44oofeygg_view,,,شنط / توك / اكسسورات
طوق فرو ارنوب,,,,,,,,,,,,40,,,https://assets.wuiltstore.com/cmm6qjlop0ce801k4h4te2u30_photo_1_2026-02-28_21-49-28.webp https://assets.wuiltstore.com/cmm6qjkn10ce701k4atwg377o_photo_2_2026-02-28_21-49-28.webp,,,شنط / توك / اكسسورات
طوق راس,,,,,,,,,,,,55,,,https://assets.wuiltstore.com/cmm6qe2cz0cdj01k4d0ba51nh_photo_2_2026-02-28_21-45-00.webp https://assets.wuiltstore.com/cmm6qe3fp0cdk01k48ufs7ibs_photo_1_2026-02-28_21-45-00.webp https://assets.wuiltstore.com/cmm6qe4n10cdl01k405tr6pst_photo_3_2026-02-28_21-45-00.webp https://assets.wuiltstore.com/cmm6qe5nb0cdm01k48dyw5h6a_photo_4_2026-02-28_21-45-00.webp https://assets.wuiltstore.com/cmm6qe7lx0cdo01k4322u7nl8_photo_5_2026-02-28_21-45-00.webp https://assets.wuiltstore.com/cmm6qe6s40cdn01k4bgeffilr_photo_6_2026-02-28_21-45-00.webp,,,شنط / توك / اكسسورات
منقار فراشة,,,,,,,,,,,,40,,,https://assets.wuiltstore.com/cmm6qb43l0cct01k406rj95vw_photo_1_2026-02-28_21-38-50.webp https://assets.wuiltstore.com/cmm6qb58m0ccu01k47uw13vup_photo_2_2026-02-28_21-38-50.webp https://assets.wuiltstore.com/cmm6qb6ba0ccv01k42f8e8v15_photo_3_2026-02-28_21-38-50.webp https://assets.wuiltstore.com/cmm6qb7eb0ccw01k4cwcncicl_photo_4_2026-02-28_21-38-50.webp https://assets.wuiltstore.com/cmm6qb8ia0ccx01k40absf4rw_photo_5_2026-02-28_21-38-50.webp https://assets.wuiltstore.com/cmm6qba4o0ccz01k4hv0qgpkm_photo_6_2026-02-28_21-38-50.webp https://assets.wuiltstore.com/cmm6qbbwj0cd101k4d80qfvyj_photo_7_2026-02-28_21-38-50.webp https://assets.wuiltstore.com/cmm6qbayb0cd001k483jk7eg9_photo_8_2026-02-28_21-38-50.webp,,,شنط / توك / اكسسورات
كارت بنس,,,,,,,,,,,,115,85,,https://assets.wuiltstore.com/cmm6pua7k0caj01k46f4ecfay_photo_1_2026-02-28_21-29-21.webp https://assets.wuiltstore.com/cmm6pubbc0cak01k426xddd5h_photo_2_2026-02-28_21-29-21.webp https://assets.wuiltstore.com/cmm6pucfx0cal01k4dklhbaeg_photo_3_2026-02-28_21-29-21.webp https://assets.wuiltstore.com/cmm6pudg40cam01k40387h4h4_photo_4_2026-02-28_21-29-21.webp https://assets.wuiltstore.com/cmm6puef30can01k4c8vi19k5_photo_5_2026-02-28_21-29-21.webp https://assets.wuiltstore.com/cmm6pufj60cao01k44zu3hguv_photo_6_2026-02-28_21-29-21.webp https://assets.wuiltstore.com/cmm6puhjb0caq01k44h8k5hle_photo_7_2026-02-28_21-29-21.webp https://assets.wuiltstore.com/cmm6pugku0cap01k46qdb4ss5_photo_8_2026-02-28_21-29-21.webp,,,شنط / توك / اكسسورات
طقم نظارة + ساعة,,,,,,,,,,,,100,80,,https://assets.wuiltstore.com/cmm6pftrt0c8s01k42v2n18ib_photo_1_2026-02-28_21-17-37.webp https://assets.wuiltstore.com/cmm6pfuv30c8t01k4dp566wfv_photo_2_2026-02-28_21-17-37.webp https://assets.wuiltstore.com/cmm6pfvwg0c8u01k45mx64tod_photo_3_2026-02-28_21-17-37.webp https://assets.wuiltstore.com/cmm6pfx020c8v01k475ce1tzo_photo_4_2026-02-28_21-17-37.webp https://assets.wuiltstore.com/cmm6pfy250c8w01k4b6sx1ycg_photo_5_2026-02-28_21-17-37.webp https://assets.wuiltstore.com/cmm6pfz590c8x01k4h8u6h0an_photo_6_2026-02-28_21-17-37.webp https://assets.wuiltstore.com/cmm6pg1270c8z01k4b980beck_photo_7_2026-02-28_21-17-37.webp https://assets.wuiltstore.com/cmm6pg0540c8y01k40izndf4t_photo_8_2026-02-28_21-17-37.webp,,,شنط / توك / اكسسورات
ميني باج,,,,,,,,,,,,150,130,,https://assets.wuiltstore.com/cmm6pbebi0c7s01k4hrge4l6x_photo_1_2026-02-28_21-11-51.webp https://assets.wuiltstore.com/cmm6pbfc00c7t01k432vog2i5_photo_2_2026-02-28_21-11-51.webp https://assets.wuiltstore.com/cmm6pbgb00c7u01k41xtb2m6u_photo_3_2026-02-28_21-11-51.webp https://assets.wuiltstore.com/cmm6pbhd70c7v01k4fn635w6s_photo_4_2026-02-28_21-11-51.webp https://assets.wuiltstore.com/cmm6pbii70c7w01k40y1zfltk_photo_5_2026-02-28_21-11-51.webp https://assets.wuiltstore.com/cmm6pbjl40c7x01k4bg6k4bcg_photo_6_2026-02-28_21-11-51.webp https://assets.wuiltstore.com/cmm6pblg70c7z01k4f0o4aulb_photo_7_2026-02-28_21-11-51.webp https://assets.wuiltstore.com/cmm6pbkjq0c7y01k40oen7g9m_photo_8_2026-02-28_21-11-51.webp,,,شنط / توك / اكسسورات
قلم جاف ,,,,,,,,,,,,8.8,8,,https://assets.wuiltstore.com/cmm5ibvnc09qt01k4eb4ya664_view,,,اقلام جاف / حبر
قلم ازرق ,,,,,,,,,,,,11,10,,https://assets.wuiltstore.com/cmm0ich7d00mq01k49myv7rls_view,,,اقلام جاف / حبر
نوت بوك 58 ورقة,,,,,,,,,,,,50,30,,https://assets.wuiltstore.com/cminu7cd00ad801kqbf284r95_28.png https://assets.wuiltstore.com/cminu7e7v0ada01kq89kzhyaj_29.png https://assets.wuiltstore.com/cminu7d7x0ad901kqabvk29bj_30.png,,,"نوت بوك,دفاتر / كشاكيل"
نوت بوك A5  university ورق كريمي76 ورقة ,,,,,,,,,,,,93.5,85,,https://assets.wuiltstore.com/cmle81qwu042c01gnaje6cxcb_view https://assets.wuiltstore.com/cmle81t21042e01gnf5hpg7y7_view https://assets.wuiltstore.com/cmle81s2d042d01gn7enf0v73_view,,,"نوت بوك,دفاتر / كشاكيل"
نوت بوك university A5 ورق كريمي 100 ورقة,,,,,,,,,,,,110,100,,https://assets.wuiltstore.com/cmle8n5mu044001gn08lyfyth_view https://assets.wuiltstore.com/cmle8n7un044201gnfxb38hft_view https://assets.wuiltstore.com/cmle8n6qg044101gn69fg7hsz_view,,,"نوت بوك,دفاتر / كشاكيل"
نوت بوك فواكه A5 120 ورقة,,,,,,,,,,,,126.5,115,,https://assets.wuiltstore.com/cmle8oqk5044401gnghvab49b_view https://assets.wuiltstore.com/cmle8osnp044601gn1xt99w4b_view https://assets.wuiltstore.com/cmle8orna044501gnd2xz72ek_view,,,"نوت بوك,دفاتر / كشاكيل"
نوت كاست,,,,,,,,,,,,100,70,,https://assets.wuiltstore.com/cmint7wpw0aa601kq2yowd874_53.png https://assets.wuiltstore.com/cmint7yv20aa801kq2512bsdc_54.png https://assets.wuiltstore.com/cmint7xsl0aa701kqa1542lm7_55.png,,,"ادوات التخطيط والتلخيص,نوت بوك"
بنسة فيونكة,,,,,,,,,,,,44,40,,https://assets.wuiltstore.com/cmjbgrwyl017f01irh7gn54a5_view https://assets.wuiltstore.com/cmjbgrvwm017e01ir9m2q28up_view,,,شنط / توك / اكسسورات
صابون رحلات,,,,,,,,,,,,33,30,,https://assets.wuiltstore.com/cmlwhrmuu0b3l01gngdnlbidg_view https://assets.wuiltstore.com/cmlwhrlx70b3k01gn7eyu6pcg_view,,,شنط / توك / اكسسورات
مسطرة سناريوا 30سم,,,,,,,,,,,,16.5,15,,https://assets.wuiltstore.com/cmlwhriht0b3j01gnbgmyhoyg_view https://assets.wuiltstore.com/cmlwhrhk60b3i01gng2eo93sk_view,,,الادوات الهندسيه 
دبوس شنطة كوكيز,,,,,,,,,,,,60.5,55,,https://assets.wuiltstore.com/cmlwhr11p0b3f01gngib96tev_view https://assets.wuiltstore.com/cmlwhr00z0b3e01gn4oeec5ud_view https://assets.wuiltstore.com/cmlwhqz190b3d01gngc36d8cb_view https://assets.wuiltstore.com/cmlwhr23y0b3g01gnhuy958xk_view https://assets.wuiltstore.com/cmlwhr3640b3h01gndb0r2v2h_view,,,شنط / توك / اكسسورات
بازل الاميرات 100 قطعة,,,,,,,,,,,,253,230,,https://assets.wuiltstore.com/cmlwgh7ev0azj01gnal5x05h0_view https://assets.wuiltstore.com/cmlwgh6ao0azi01gn331q2g7r_view,,,ألعاب
سلة مكتب,,,,,,,,,,,,27.5,25,,https://assets.wuiltstore.com/cmls1e28503ww01gn9keydl0t_view.webp https://assets.wuiltstore.com/cmls1e48x03wy01gn26zh8ofi_view https://assets.wuiltstore.com/cmls1e38403wx01gn0a0r657m_view,,,"ديكور المكتب,المنظمات"
منظم كتب ,,,,الحجم,كبير,,,,,,,50,45,,https://assets.wuiltstore.com/cmls19xlo03wg01gn9f26fl47_view https://assets.wuiltstore.com/cmls19yn903wh01gn1q09bvon_view https://assets.wuiltstore.com/cmls1a0nt03wj01gndjp7efbg_view https://assets.wuiltstore.com/cmls19zmp03wi01gn2ywvf7km_view,,,المنظمات
,,,,الحجم,صغير,,,,,,,38.5,35,,,,,
منظم كبير للكتب,,,,,,,,,,,,44,40,,https://assets.wuiltstore.com/cmls1he3c03x501gnegnifcg5_view https://assets.wuiltstore.com/cmls1hf1y03x601gn4m518xkk_view https://assets.wuiltstore.com/cmls1hg0n03x701gn70v0gvkp_view https://assets.wuiltstore.com/cmls1hi3403x901gn0hjldw06_view https://assets.wuiltstore.com/cmls1hh2h03x801gn3he750nl_view,,,المنظمات
مشبك ورق,,,,,,,,,,,,4.4,4,,https://assets.wuiltstore.com/cmls1jegd03xk01gnhsq7d3ck_view.webp https://assets.wuiltstore.com/cmls1jdf303xi01gn84oo9r60_view,,,ادوات التخطيط والتلخيص
استيكة  3D,,,,,,,,,,,,16.5,15,,https://assets.wuiltstore.com/cmlpmabb7006g01gn3nmzcekq_view,,,أستيكه (جوما)
قلم سن ريشه 0.3,,,,اللون,اسود,,,,,,,15,,,https://assets.wuiltstore.com/cmioijy5j0bfn01kqdkh2hi07_55.png,,,اقلام جاف / حبر
,,,,اللون,ازرق ,,,,,,,15,,,,,,
,,,,اللون,اخضر,,,,,,,15,,,,,,
,,,,اللون,احمر,,,,,,,15,,,,,,
كشكول شي ان 110ورقة,,,,اللون,بنفسجي ,,,,,,,165,150,,https://assets.wuiltstore.com/cml2z2dz0036p01gnd9m9hmdc_view https://assets.wuiltstore.com/cml2z2cza036o01gn1zd3h7iu_view,,,
,,,,اللون,ازرق ,,,,,,,165,150,,,,,
استيكي نوت رول استيكر,,,,اللون,ازرق ,,,,,,,49.5,45,,https://assets.wuiltstore.com/cmle8r5rz044p01gn6mewc33p_view https://assets.wuiltstore.com/cmljqctz501ao01gnf8of1f4z_WhatsApp_Image_2026-02-12_at_7.25.30_PM.webp https://assets.wuiltstore.com/cmle8r7zg044r01gn9h9v04bd_view https://assets.wuiltstore.com/cmle8r6xv044q01gn2dvgfym0_view https://assets.wuiltstore.com/cmljqcv8v01ap01gn9uj29qc0_WhatsApp_Image_2026-02-12_at_7.25.29_PM.webp,,,
,,,,اللون,بينك,,,,,,,49.5,45,,,,,
قلم رصاص سن متغير,,,,,,,,,,,,11,10,,https://assets.wuiltstore.com/cmlja4bp2003t01gn38i4dn6t_view,,,اقلام رصاص / سنون
فواصل,,,,,,,,,,,,50,35,,https://assets.wuiltstore.com/cmljqg0yj01b501gn8pjbg997_WhatsApp_Image_2026-02-12_at_4.05.09_AM__1_.webp https://assets.wuiltstore.com/cmljqg1sy01b601gn64n270aw_WhatsApp_Image_2026-02-12_at_4.05.09_AM.webp,,,استيكي نوت
منظم اكليرك,,,,,,,,,,,,308,230,,https://assets.wuiltstore.com/cmliibpla02cy01gn24e8fx9g_view https://assets.wuiltstore.com/cmliig0sm02d801gn5bjm5vbl_photo_3_2026-02-11_22-52-45.webp https://assets.wuiltstore.com/cmliibqie02cz01gn1itk2u4y_view https://assets.wuiltstore.com/cmliifngp02d601gncptj4vtb_photo_4_2026-02-11_22-52-45.webp,,,المنظمات
منظم فلافيلو,,,,,,,,,,,,220,200,,https://assets.wuiltstore.com/cmlii8fhk02c001gn8snq54ng_view https://assets.wuiltstore.com/cmlii8eie02bz01gn13z36tjy_view,,,المنظمات
منظم 2 رف ,,,,,,,,,,,,176,160,,https://assets.wuiltstore.com/cmliibcvr02cu01gn4t72f2x3_view https://assets.wuiltstore.com/cmliibewx02cw01gn809597zq_view https://assets.wuiltstore.com/cmliibduw02cv01gncgdcck7p_view https://assets.wuiltstore.com/cmliie8hs02d401gnfpi3d759_photo_4_2026-02-11_22-51-42.webp,,,المنظمات
منظم دوار 5 خانه,,,,,,,,,,,,187,170,,https://assets.wuiltstore.com/cmli8fzre01l801gn99oraz2s_view https://assets.wuiltstore.com/cmli8g0ty01l901gndtp63d9b_view https://assets.wuiltstore.com/cmli8g1ud01la01gnbduf1i54_view https://assets.wuiltstore.com/cmli8g3zt01lc01gn4thy2nrd_view https://assets.wuiltstore.com/cmli8g2wf01lb01gna1m9cj9z_view,,,المنظمات
منظم بطوط ,,,,,,,,,,,,198,180,,https://assets.wuiltstore.com/cmli8feoi01l301gnb3va045c_view https://assets.wuiltstore.com/cmli8ffp301l401gn7rc85jyd_view https://assets.wuiltstore.com/cmli8fgsb01l501gnckx4adso_view https://assets.wuiltstore.com/cmli8fht101l601gn8veo58bj_view https://assets.wuiltstore.com/cmli8fiq001l701gn8ul5fsar_view,,,المنظمات
منظم اقلام 3 خانة,,,,,,,,,,,,154,140,,https://assets.wuiltstore.com/cmli6zrta01h001gn8zjgfuxa_view https://assets.wuiltstore.com/cmli6zucr01h201gn72izc6hn_view https://assets.wuiltstore.com/cmli6zsud01h101gn1eoa8rql_view,,,المنظمات
منظم اقلام اكليرك ,,,,,,,,,,,,264,240,,https://assets.wuiltstore.com/cmli78mud01hl01gngs471qmg_view https://assets.wuiltstore.com/cmli78o2301hm01gn3p5l1ml5_view https://assets.wuiltstore.com/cmli78ozj01hn01gn61gpe3tt_view,,,المنظمات
منظم دب,,,,اللون,بينك,,,,,,,70,55,,https://assets.wuiltstore.com/cmli5pphr01ep01gnh3xu5eku_WhatsApp_Image_2026-02-11_at_4.53.45_PM.webp https://assets.wuiltstore.com/cmli5prqt01er01gngjjqhqsn_WhatsApp_Image_2026-02-11_at_4.55.07_PM.webp https://assets.wuiltstore.com/cmli5pqrj01eq01gna6kv1bwi_WhatsApp_Image_2026-02-11_at_4.53.44_PM.webp,,,المنظمات
,,,,اللون,ابيض ,,,,,,,70,55,,,,,
,,,,اللون,اخضر,,,,,,,70,55,,,,,
منظم اقلام طولي,,,,اللون,اسود,,,,,,,100,85,,https://assets.wuiltstore.com/cminkch4l09kq01kq3zu2f8wu_1.png https://assets.wuiltstore.com/cmli5bgjl01dm01gnea5z3srj_WhatsApp_Image_2026-02-11_at_4.42.34_PM.webp https://assets.wuiltstore.com/cmli527az01cm01gn4mjccabq_WhatsApp_Image_2026-02-11_at_4.39.26_PM.webp https://assets.wuiltstore.com/cminkci6109kr01kqbusybnx3_3.png https://assets.wuiltstore.com/cminkck8509kt01kq9op42jwv_4.png https://assets.wuiltstore.com/cminkcj5f09ks01kq69ao0o4v_2.png,,,المنظمات
,,,,اللون,بينك,,,,,,,100,85,,,,,
,,,,اللون,ابيض ,,,,,,,100,85,,,,,
منظم اقلام ,,,,,,,,,,,,93.5,85,,https://assets.wuiltstore.com/cmli4rhaj01bk01gn41mpdxrj_view https://assets.wuiltstore.com/cmli4rg6h01bj01gn23d76zz7_view.webp https://assets.wuiltstore.com/cmli4sjzm01bp01gn7ued0jya_photo_3_2026-02-11_16-30-30.webp,,,المنظمات
المنظم المعدن,,,,الشكل,مربع,,,,,,,50,45,,https://assets.wuiltstore.com/cmlfasu8g05un01gn6v7f460g_WhatsApp_Image_2026-02-09_at_4.47.40_PM.webp https://assets.wuiltstore.com/cmlfastjf05um01gng6phbhgd_WhatsApp_Image_2026-02-09_at_4.47.40_PM__1_.webp https://assets.wuiltstore.com/cmlfasv4g05uo01gnf1n351en_WhatsApp_Image_2026-02-09_at_4.47.40_PM__2_.webp,,,المنظمات
,,,,الشكل,دائري,,,,,,,50,45,,,,,
كشكول بغلاف جليتر 80 ورقة ,,,,,,,,,,,,77,70,,https://assets.wuiltstore.com/cmle8qqob044m01gn647c1x9t_view https://assets.wuiltstore.com/cmle8qte6044o01gn835xbcty_view https://assets.wuiltstore.com/cmle8qrzk044n01gnf6dq9qln_view,,,دفاتر / كشاكيل
نوتة بشخصيات سناريوا + قلم,,,,,,,,,,,,27.5,25,,https://assets.wuiltstore.com/cmlc7zcbk038301gn3hxcfxv4_view.webp https://assets.wuiltstore.com/cmlc7zext038601gn887360nq_view.webp https://assets.wuiltstore.com/cmlc7zdno038401gn20bs6vg2_view,,,نوت بوك
نوتة سناريوا ,,,,,,,,,,,,55,50,,https://assets.wuiltstore.com/cmlc81u7h038701gn2621hg3m_view,,,نوت بوك
التايمر الكوري ,,,,,,,,,,,,220,200,,https://assets.wuiltstore.com/cmlc8t6ta039501gn25kl3qme_view https://assets.wuiltstore.com/cmlc8t7z1039601gnb9sv2dgw_view https://assets.wuiltstore.com/cmlc8t91z039701gnf91nh7a2_view,,,ديكور المكتب
كشكول 40 ورقة,,,,الشكل,Verdure,,,,,,,49.5,45,,https://assets.wuiltstore.com/cmlbgusxg02f101gnb0zy7ouv_view https://assets.wuiltstore.com/cmlbgutzi02f201gnfln703a0_view,,,دفاتر / كشاكيل
,,,,الشكل,Heaven,,,,,,,49.5,45,,,,,
قلم سحري ,,,,,,,,,,,,15,,,https://assets.wuiltstore.com/cmj0cona6059n01ms33y87gg0_photo_25_2025-12-10_20-24-51.jpg https://assets.wuiltstore.com/cmj0coobk059o01ms55rlapnu_photo_26_2025-12-10_20-24-51.jpg https://assets.wuiltstore.com/cmj0coqdp059q01ms5hjy7aej_photo_27_2025-12-10_20-24-51.jpg https://assets.wuiltstore.com/cmj0copcc059p01ms085z0qm5_photo_28_2025-12-10_20-24-51.jpg,,,اقلام جاف / حبر
منظم أدوار,,,,عدد الادوار,3دور,اللون,ابيض ,,,,,100,,,https://assets.wuiltstore.com/cminl7jw509nd01kq44nw3sgk_3.png https://assets.wuiltstore.com/cminl7kq009ne01kq4ps7euzi_4.png https://assets.wuiltstore.com/cminl7lnh09nf01kq1r3m21ux_5.png https://assets.wuiltstore.com/cminl7mgn09ng01kq8te59xqu_6.png https://assets.wuiltstore.com/cminl7o8r09ni01kq4hyrgixc_1.png https://assets.wuiltstore.com/cminl7n8509nh01kq6q7m55mc_2.png,,,المنظمات
,,,,عدد الادوار,3دور,اللون,بينك,,,,,100,,,,,,
,,,,عدد الادوار,2 دور,اللون,ابيض ,,,,,80,,,,,,
,,,,عدد الادوار,2 دور,اللون,رصاصي,,,,,80,,,,,,
,,,,عدد الادوار,2 دور,اللون,بينك,,,,,80,,,,,,
,,,,عدد الادوار,4دور,اللون,بينك,,,,,125,,,,,,
,,,,عدد الادوار,4دور,اللون,ابيض ,,,,,125,,,,,,
نوتة رجل الفضاء ,,,,,,,,,,,,44,40,,https://assets.wuiltstore.com/cml6zhcp002zk01gndh9z6pan_view https://assets.wuiltstore.com/cml6zkgg202zx01gn054j56r6_WhatsApp_Image_2026-02-03_at_9.22.16_PM.webp,,,نوت بوك
كشكول شي ان 30 ورقة ,,,,,,,,,,,,60.5,55,,https://assets.wuiltstore.com/cml318hme03dl01gn7ogxced9_view https://assets.wuiltstore.com/cml318gin03dk01gnhn8i4bjb_view,,,دفاتر / كشاكيل
منظم ورده دوار ,,,,,,,,,,,,143,130,,https://assets.wuiltstore.com/cml2v3kyt02up01gnaonp6t1k_view,,,المنظمات
استيكر رول ملودي,,,,,,,,,,,,38.5,35,,https://assets.wuiltstore.com/cml2yd478035601gn126u8s2g_view https://assets.wuiltstore.com/cml2yegxt035901gn69hb40x7_photo_2_2026-02-01_01-17-52.webp https://assets.wuiltstore.com/cml2yefq4035801gnbqnvajsp_photo_3_2026-02-01_01-17-52.webp,,,استيكرات
منظم قلب دوار,,,,اللون,اخضر,,,,,,,143,130,,https://assets.wuiltstore.com/cml2u5mfo02tq01gne1rabcbd_WhatsApp_Image_2026-01-31_at_11.32.07_PM.webp https://assets.wuiltstore.com/cml2u5lo002tp01gndcvb0946_WhatsApp_Image_2026-01-31_at_11.32.07_PM__1_.webp https://assets.wuiltstore.com/cml2u5n5902tr01gnbrhlgqvw_WhatsApp_Image_2026-01-31_at_11.32.08_PM__1_.webp https://assets.wuiltstore.com/cml2u5oq802tt01gnhncwg5uz_WhatsApp_Image_2026-01-31_at_11.32.08_PM__2_.webp https://assets.wuiltstore.com/cml2u5nw602ts01gnh1bs9q8l_WhatsApp_Image_2026-01-31_at_11.32.08_PM.webp,,,
,,,,اللون,بنفسجي ,,,,,,,143,130,,,,,
,,,,اللون,ازرق ,,,,,,,143,130,,,,,
,,,,اللون,اصفر,,,,,,,143,130,,,,,
كشكول شي ان 140 ورقه,,,,,,,,,,,,148.5,135,,https://assets.wuiltstore.com/cml2e90xk01jb01gnhy6c7a3w_photo_1_2026-01-31_16-10-06.webp https://assets.wuiltstore.com/cml2e91uo01jc01gn80lrh7mv_photo_2_2026-01-31_16-10-06.webp https://assets.wuiltstore.com/cml2e92va01jd01gn8xy08wbt_photo_3_2026-01-31_16-10-06.webp https://assets.wuiltstore.com/cml2e94xm01jf01gnf83c8tk2_photo_4_2026-01-31_16-10-06.webp https://assets.wuiltstore.com/cml2e93v401je01gnfxkt6m7f_photo_5_2026-01-31_16-10-06.webp,,,دفاتر / كشاكيل
قلم سنون كرومي سن 7 ,,,,,,,,,,,,27.5,25,,https://assets.wuiltstore.com/cmkzfqa7m018601gnfjjb39wm_view,,,اقلام رصاص / سنون
قلم جاف ازرق شخصيات سانريو,,,,,,,,,,,,16.5,15,,https://assets.wuiltstore.com/cmkzfy744019b01gn9mmu7pyi_view,,,اقلام جاف / حبر
قلم جل ازرق جزرة,,,,,,,,,,,,16.5,15,,https://assets.wuiltstore.com/cmkzg039s019n01gn87d061nr_view,,,اقلام جاف / حبر
قلم جاف ازرق رجل الفضاء,,,,,,,,,,,,16.5,15,,https://assets.wuiltstore.com/cmkzfrui9018e01gnbbjk72dh_view https://assets.wuiltstore.com/cmkzfrthx018d01gn74042uqf_view,,,اقلام جاف / حبر
شريط تزيين,,,,,,,,,,,,120,95,,https://assets.wuiltstore.com/cminnsi3v09u301kq631wbvz7_1.png https://assets.wuiltstore.com/cminnsj5g09u401kq8o3v4jz0_2.png https://assets.wuiltstore.com/cminnsjzy09u501kqhn1jejvu_3.png https://assets.wuiltstore.com/cminnskvm09u601kq97in7gr4_4.png https://assets.wuiltstore.com/cminnsltg09u701kqciwj5rnc_5.png https://assets.wuiltstore.com/cminnsmqv09u801kq7ck6dwq3_6.png https://assets.wuiltstore.com/cminnsopx09ua01kq0niffaym_7.png https://assets.wuiltstore.com/cminnsnpw09u901kq2jjt4zre_8.png,,,كوريكتور
حامل موبايل,,,,,,,,,,,,35,25,,https://assets.wuiltstore.com/cmisuwqws00sb01kq3zbmerw2_1.png https://assets.wuiltstore.com/cmisuwrp800sc01kqgug9egpb_2.png https://assets.wuiltstore.com/cmisuwtdr00se01kq53ve6122_3.png https://assets.wuiltstore.com/cmisuwsl000sd01kqaas0gb36_4.png,,,ديكور المكتب
مسطره 15سم,,,,,,,,,,,,20,15,,https://assets.wuiltstore.com/cmke4nnvg05kt01fuemek49yt_WhatsApp_Image_2026-01-14_at_4.37.15_PM__1_.webp https://assets.wuiltstore.com/cmke4nmmb05ks01fuhtw9ee28_WhatsApp_Image_2026-01-14_at_4.37.15_PM.webp,,,الادوات الهندسيه 
كشاكيل المواد,,,,الماده,رياضيات,,,,,,,165,135,,https://assets.wuiltstore.com/cmintq42b0abp01kqe58j8ohw_78.png https://assets.wuiltstore.com/cmintq51u0abq01kq8len9o2u_79.png https://assets.wuiltstore.com/cmintq5xf0abr01kqcddubq1j_80.png https://assets.wuiltstore.com/cmintq74g0abs01kq41bj3ahf_81.png https://assets.wuiltstore.com/cmintq8950abt01kq2hhbbof5_82.png https://assets.wuiltstore.com/cmintq9gy0abu01kq3inlb8wz_83.png https://assets.wuiltstore.com/cmintqam90abv01kq8qvt4klv_84.png https://assets.wuiltstore.com/cmintqbqo0abw01kqfbn69lug_85.png https://assets.wuiltstore.com/cmintqdsr0aby01kq6xe007rn_86.png https://assets.wuiltstore.com/cmintqcrb0abx01kqekir9ue2_87.png,,,دفاتر / كشاكيل
,,,,الماده,انجليزي,,,,,,,165,135,,,,,
,,,,الماده,عربي,,,,,,,165,135,,,,,
,,,,الماده,فيزياء,,,,,,,165,135,,,,,
,,,,الماده,كيمياء,,,,,,,165,135,,,,,
,,,,الماده,أحياء,,,,,,,165,135,,,,,
,,,,الماده,جغرافيا,,,,,,,165,135,,,,,
,,,,الماده,تاريخ,,,,,,,165,135,,,,,
ورق تلخيص متنوع,,,,الشكل,كيمياء,,,,,,,100,,,https://assets.wuiltstore.com/cmint4u4z0a9z01kqgm8jaab1_50.png https://assets.wuiltstore.com/cmint4w210aa101kq8ebl4lyj_51.png https://assets.wuiltstore.com/cmint4v3r0aa001kq5tgxfqvs_52.png,,,ادوات التخطيط والتلخيص
,,,,الشكل,مربعات,,,,,,,100,,,,,,
,,,,الشكل,مسطر,,,,,,,100,,,,,,
كوستر,,,,الحجم,وسط بكلام,,,,,,,85,,,https://assets.wuiltstore.com/cmk753oxt0bs601fu8xhuhj6v_WhatsApp_Image_2026-01-09_at_7.12.44_PM.webp https://assets.wuiltstore.com/cmk753pza0bs701fu0yhk6f84_WhatsApp_Image_2026-01-09_at_7.12.44_PM__1_.webp https://assets.wuiltstore.com/cmk753r1v0bs801fu71q0bs18_WhatsApp_Image_2026-01-09_at_7.12.45_PM.webp https://assets.wuiltstore.com/cmk753s0i0bs901fu3r4o4fwl_WhatsApp_Image_2026-01-09_at_7.12.46_PM.webp https://assets.wuiltstore.com/cmk753sy10bsa01fudd5b65ht_WhatsApp_Image_2026-01-09_at_7.12.45_PM__1_.webp https://assets.wuiltstore.com/cmk753twr0bsb01fu3eqz5dnd_WhatsApp_Image_2026-01-09_at_7.12.49_PM__1_.webp https://assets.wuiltstore.com/cmk753ur00bsc01fu0ihq5zo6_WhatsApp_Image_2026-01-09_at_7.14.08_PM.webp https://assets.wuiltstore.com/cmk753vup0bsd01fu6znr82n0_WhatsApp_Image_2026-01-09_at_7.12.45_PM__2_.webp https://assets.wuiltstore.com/cmk753wu10bse01fuhp4pbn6l_WhatsApp_Image_2026-01-09_at_7.12.47_PM__1_.webp https://assets.wuiltstore.com/cmk753xs60bsf01fu46v892om_WhatsApp_Image_2026-01-09_at_7.12.46_PM__1_.webp https://assets.wuiltstore.com/cmk753yw50bsg01fueklh0mla_WhatsApp_Image_2026-01-09_at_7.12.48_PM__1_.webp https://assets.wuiltstore.com/cmk753zy20bsh01fufpr08jkg_WhatsApp_Image_2026-01-09_at_7.12.48_PM.webp https://assets.wuiltstore.com/cmk7540yc0bsi01fua1bu7l8f_WhatsApp_Image_2026-01-09_at_7.12.49_PM.webp https://assets.wuiltstore.com/cmk7542v40bsk01fu2brye8lv_WhatsApp_Image_2026-01-09_at_7.12.50_PM__1_.webp https://assets.wuiltstore.com/cmk7541vb0bsj01fu4z0wgykm_WhatsApp_Image_2026-01-09_at_7.12.50_PM.webp,,,ديكور المكتب
,,,,الحجم,كبير بجمل تحفيز,,,,,,,100,,,,,,
,,,,الحجم,وسط ساده,,,,,,,70,,,,,,
مقلمه بفاصل شبكي,,,,,,,,,,,,25,15,,https://assets.wuiltstore.com/cmk30zdiw04xr01fufn97fdw6_Screenshot_2026-01-06_221018.webp https://assets.wuiltstore.com/cmk30zckr04xq01fuhk7icyog_Screenshot_2026-01-06_221102.webp,,,مقالم مستوردة
استيكر كليات,,,,كليه,هندسه,,,,,,,35,30,,https://assets.wuiltstore.com/cmintckwl0aaj01kq5b1v739g_61.png https://assets.wuiltstore.com/cmintcmpb0aal01kqh4zq4f76_62.png https://assets.wuiltstore.com/cmintcltv0aak01kq6c4aaxcl_63.png,,,"استيكرات,ادوات التخطيط والتلخيص"
,,,,كليه,طب,,,,,,,35,30,,,,,
,,,,كليه,حاسبات,,,,,,,35,30,,,,,
فواصل + استيكر,,,,,,,,,,,,60,45,,https://assets.wuiltstore.com/cminokk6709xr01kq84d17z9p_1.png https://assets.wuiltstore.com/cminokmkl09xt01kq5wfchs4v_2.png https://assets.wuiltstore.com/cminokl6c09xs01kq51r3gucx_3.png,,,"استيكرات,استيكي نوت"
ضوافر أطفال ,,,,,,,,,,,,20,,,https://assets.wuiltstore.com/cmj0cgpbh057q01mscfsaa6z7_photo_14_2025-12-10_20-24-51.jpg https://assets.wuiltstore.com/cmj0cgo9t057p01msfrqh7a4k_photo_15_2025-12-10_20-24-51.jpg,,,"ألعاب,شنط / توك / اكسسورات"
منتجات لطابعة,,,,,,,,,,,,25,,,https://assets.wuiltstore.com/cminthshz0aaz01kqazps0vkr_74.png https://assets.wuiltstore.com/cminthtlz0ab001kq7j4v3sjr_75.png https://assets.wuiltstore.com/cminthvvd0ab201kqew8mfkc6_76.png https://assets.wuiltstore.com/cminthusp0ab101kq7iq7ajsl_77.png,,,ادوات التخطيط والتلخيص
قفاش سناريوا و بنسة,,,,,,,,,,,,60.5,55,,https://assets.wuiltstore.com/cmjbgrqbo017d01irbrdg9nzy_view https://assets.wuiltstore.com/cmjbgrp9t017c01ir0k31d1z2_view,,,شنط / توك / اكسسورات
نوت بوك شخصيات سيناريوا ,,,,,,,,,,,,75,60,,https://assets.wuiltstore.com/cmj0ck6hv058f01msbzgmh2eb_photo_16_2025-12-10_20-24-51.jpg https://assets.wuiltstore.com/cmj0ck7ns058g01ms6txuc4ao_photo_17_2025-12-10_20-24-51.jpg https://assets.wuiltstore.com/cmj0ck9wf058i01msdno6dy1o_photo_18_2025-12-10_20-24-51.jpg https://assets.wuiltstore.com/cmj0ck8qs058h01ms4vjt40u6_photo_19_2025-12-10_20-24-51.jpg,,,نوت بوك
قلم ازرق cat,,,,,,,,,,,,20,,,https://assets.wuiltstore.com/cmisu379s00pv01kqhz6gcgal_photo_16_2025-12-05_14-02-23.jpg https://assets.wuiltstore.com/cmisu390v00px01kqat09czz1_photo_17_2025-12-05_14-02-23.jpg https://assets.wuiltstore.com/cmisu386000pw01kqeyql4a4f_photo_18_2025-12-05_14-02-23.jpg,,,اقلام جاف / حبر
علبة سنون طويلة سن 7,,,,,,,,,,,,6,,,https://assets.wuiltstore.com/cmisthrfg00nt01kq4ixk7c16_6.jpg,,,اقلام رصاص / سنون
استيكة الوان,,,,,,,,,,,,10,,,https://assets.wuiltstore.com/cmistgp5700ns01kqdc8y03sm_4.jpg https://assets.wuiltstore.com/cmistgo7d00nr01kq3mrs9o4c_5.jpg,,,أستيكه (جوما)
قلم روتو ريشه 0.4m,,,,اللون,احمر,,,,,,,15,,,https://assets.wuiltstore.com/cmiq3sig40f9s01kq1otwgcsx_7.jpg https://assets.wuiltstore.com/cmiq3skk70f9u01kq2yr071ae_8.jpg https://assets.wuiltstore.com/cmiq3sjid0f9t01kq4bdb3ni1_9.jpg,,,اقلام جاف / حبر
,,,,اللون,اسود,,,,,,,15,,,,,,
,,,,اللون,ازرق ,,,,,,,15,,,,,,
قلم space شي ان,,,,,,,,,,,,25,20,,https://assets.wuiltstore.com/cmiq3om1l0f8n01kq4y3p5nih_2.jpg https://assets.wuiltstore.com/cmiq3ol0h0f8m01kqffcm47tv_3.jpg,,,اقلام جاف / حبر
براية صغيرة,,,,,,,,,,,,5,4,,https://assets.wuiltstore.com/cmiokxztw0bqe01kqh3oedfff_57.png,,,برايات
طقم هندسي مرن 4 قطع غير قابلين للكسر,,,,,,,,,,,,50,40,,https://assets.wuiltstore.com/cmiokk6990bo201kq5tae2q8h_42.png https://assets.wuiltstore.com/cmiokk78y0bo301kq2dh1507n_43.png https://assets.wuiltstore.com/cmiokk9fx0bo501kq74sbgi48_44.png https://assets.wuiltstore.com/cmiokk8ah0bo401kqaivub7an_45.png,,,الادوات الهندسيه 
منقلة,,,,,,,,,,,,5,,,https://assets.wuiltstore.com/cmiokiqsq0bnp01kq5dxdauvs_40.png https://assets.wuiltstore.com/cmiokipnc0bno01kqazedeo69_41.png,,,الادوات الهندسيه 
مسطرة 20 سم,,,,,,,,,,,,4,,,https://assets.wuiltstore.com/cmiokh8r90bnh01kq1thd4b8c_39.png,,,الادوات الهندسيه 
مسطرة مرنه غير قابلة للكسر 20 سم,,,,,,,,,,,,8,,,https://assets.wuiltstore.com/cmiokg6290bna01kqas51avpd_38.png,,,الادوات الهندسيه 
استيكة eraser السوداء  ,,,,الحجم,صغير,,,,,,,4,2,,https://assets.wuiltstore.com/cmiojzblz0blp01kq83s4f2ac_13.png https://assets.wuiltstore.com/cmiojzwkj0blr01kq90pb95pl_14.png,,,
,,,,الحجم,كبير,,,,,,,6,4,,,,,
قلم رصاص Faber Castell,,,,الكميه,قلم,,,,,,,10,,,https://assets.wuiltstore.com/cmioj3aa60bi501kqfu2l4bsk_19.png,,,اقلام رصاص / سنون
,,,,الكميه,مجموعه,,,,,,,100,,,,,,
قلم رصاص Kiddola B2,,,,الكميه,مجموعه,,,,,,,50,,,https://assets.wuiltstore.com/cmioj0kq30bhq01kq7wga4klt_17.png,,,اقلام رصاص / سنون
,,,,الكميه,قلم,,,,,,,5,,,,,,
سنون 2B طويلة,,,,,,,,,,,,15,,,https://assets.wuiltstore.com/cmioiuwbo0bh201kqfqbifzqk_12.png https://assets.wuiltstore.com/cmioiuv8a0bh101kq531cgq24_13.png,,,اقلام رصاص / سنون
قلم سنون 0.5m,,,,,,,,,,,,30,,,https://assets.wuiltstore.com/cmioits2c0bgu01kqactz6opk_8.png https://assets.wuiltstore.com/cmioitt2f0bgv01kqdr1f257e_9.png https://assets.wuiltstore.com/cmioitv020bgx01kqeku4c6lc_10.png https://assets.wuiltstore.com/cmioitu040bgw01kqfe6jcxny_11.png,,,اقلام رصاص / سنون
قلم سنون ليلة النجوم,,,,,,,,,,,,50,39,,https://assets.wuiltstore.com/cmioip1iu0bgd01kq4hyefmw4_60.png https://assets.wuiltstore.com/cmioip2m50bge01kq9ureel92_61.png https://assets.wuiltstore.com/cmioip3ub0bgf01kq8pon9p2f_62.png https://assets.wuiltstore.com/cmioip5280bgg01kqaes0bnoi_63.png https://assets.wuiltstore.com/cmioip7a40bgi01kq2rndhes1_64.png https://assets.wuiltstore.com/cmioip6710bgh01kqaxmk81xu_65.png,,,اقلام رصاص / سنون
القلم الخشبي,,,,اللون,ازرق ,,,,,,,10,,,https://assets.wuiltstore.com/cmioim1li0bfz01kqaad8eaey_58.png https://assets.wuiltstore.com/cmioim0fz0bfy01kq1ppzfub9_59.png,,,اقلام جاف / حبر
,,,,اللون,احمر,,,,,,,10,,,,,,
,,,,اللون,اسود,,,,,,,10,,,,,,
قلم جل هندي,,,,,,,,,,,,15,,,https://assets.wuiltstore.com/cmioiicux0bfl01kq0bksedfr_54.png,,,اقلام جاف / حبر
قلم جل Diamond,,,,اللون,ازرق ,,,,,,,10,,,https://assets.wuiltstore.com/cmioi6dvc0be101kqa2jyew4s_34.png,,,
,,,,اللون,احمر,,,,,,,10,,,,,,
,,,,اللون,اسود,,,,,,,10,,,,,,
قلم روتو رابيد,,,,اللون,ازرق ,,,,,,,10,,,https://assets.wuiltstore.com/cmioi3fcn0bdu01kq0sr5byod_29.png,,,اقلام جاف / حبر
,,,,اللون,اسود,,,,,,,10,,,,,,
,,,,اللون,احمر,,,,,,,10,,,,,,
قلم جاف ماتيك,,,,,,,,,,,,8,,,https://assets.wuiltstore.com/cmioi08dv0bdj01kq7qr0afwz_24.png,,,اقلام جاف / حبر
قلم inxo 0.7m,,,,,,,,,,,,12,,,https://assets.wuiltstore.com/cmiohzni80bdh01kq6312dwao_23.png,,,اقلام جاف / حبر
قلم روتو,,,,اللون,اسود,,,,,,,6,,,https://assets.wuiltstore.com/cmiohsawy0bcv01kq8hhp9hwx_20.png,,,اقلام جاف / حبر
,,,,اللون,ازرق ,,,,,,,6,,,,,,
,,,,اللون,احمر,,,,,,,6,,,,,,
قلم جل ازرق رابر,,,,الكميه,مجموعه,,,,,,,120,95,,https://assets.wuiltstore.com/cmiohljz40bbn01kqdv8u8g13_7.png https://assets.wuiltstore.com/cmiohll090bbo01kqe7rv1rxr_1.png https://assets.wuiltstore.com/cmiohlm030bbp01kqd7ay3o96_8.png https://assets.wuiltstore.com/cmiohln2m0bbq01kq3czb95dy_2.png https://assets.wuiltstore.com/cmiohlo6f0bbr01kq9pgx28su_3.png https://assets.wuiltstore.com/cmiohlp780bbs01kqgusf03dh_4.png https://assets.wuiltstore.com/cmiohlq760bbt01kqf6ad7ac3_5.png https://assets.wuiltstore.com/cmiohls3k0bbv01kqc2vq1go9_6.png https://assets.wuiltstore.com/cmiohlr4u0bbu01kq6zuc8o1c_9.png,,,اقلام جاف / حبر
,,,,الكميه,قلم,,,,,,,30,25,,,,,
هيلايتر عباد الشمس ,,,,,,,,,,,,75,,,https://assets.wuiltstore.com/cminuuv8v0aev01kqgei8dac5_13.png https://assets.wuiltstore.com/cminuuw5k0aew01kq8clc3dw2_12.png,,,اقلام هايلايتر
هيلايتر AIMEILE,,,,,,,,,,,,60,,,https://assets.wuiltstore.com/cminvd8q40ah601kq0jz07c04_48.png https://assets.wuiltstore.com/cminvdapg0ah801kqgpoofav7_49.png https://assets.wuiltstore.com/cminvd9pw0ah701kqdffyhil9_50.png,,,اقلام هايلايتر
هيلايتر فسفوري,,,,,,,,,,,,15,,,https://assets.wuiltstore.com/cminv97460agw01kqa5uzhth2_39.png https://assets.wuiltstore.com/cminv965q0agv01kq7xvq3oee_40.png,,,اقلام هايلايتر
هيلايتر باستيل,,,,,,,,,,,,85,,,https://assets.wuiltstore.com/cminv886f0agu01kq8cp1a8ho_37.png https://assets.wuiltstore.com/cminv873n0agt01kq9zwof8k4_38.png,,,اقلام هايلايتر
هيلايتر فسفوري,,,,,,,,,,,,12,,,https://assets.wuiltstore.com/cminv7f8c0ags01kq4ld483j9_35.png https://assets.wuiltstore.com/cminv7eao0agr01kqfh9p9g6p_36.png,,,اقلام هايلايتر
طقم هيلايتر جليتر,,,,,,,,,,,,95,,,https://assets.wuiltstore.com/cminv5o380agn01kqgr1hawin_31.png https://assets.wuiltstore.com/cminv5n2g0agm01kq6t309cfw_32.png,,,اقلام هايلايتر
هيلايتر ترابي,,,,,,,,,,,,95,,,https://assets.wuiltstore.com/cminuqwxy0ae501kqfxzaaw7b_3.png https://assets.wuiltstore.com/cminuqxyf0ae601kqcgy1f48x_4.png https://assets.wuiltstore.com/cminuqyv90ae701kq9nm930xx_5.png https://assets.wuiltstore.com/cminur0ot0ae901kq3o0k5d7h_6.png https://assets.wuiltstore.com/cminuqzru0ae801kq6kg21k0x_7.png,,,اقلام هايلايتر
كشكول ماجيك سلك,,,,,,,,,,,,60,43,,https://assets.wuiltstore.com/cminukng80adx01kqauht1tsa_43.png https://assets.wuiltstore.com/cminukpv70adz01kq92nwa8q4_44.png https://assets.wuiltstore.com/cminukokw0ady01kqeoc93gp5_45.png,,,دفاتر / كشاكيل
كشكول ماجيك دبوس,,,,,,,,,,,,70,50,,https://assets.wuiltstore.com/cminuak5e0adc01kqflcfdg9k_31.png https://assets.wuiltstore.com/cminuam510ade01kqb9fpdur0_32.png https://assets.wuiltstore.com/cminual7a0add01kq11ii1jr8_33.png,,,دفاتر / كشاكيل
كشكول الاديب  دبوس ,,,,عدد الورق,60,,,,,,,70,50,,https://assets.wuiltstore.com/cminu3n2f0acz01kqe85r6w4z_23.png https://assets.wuiltstore.com/cminu3p180ad101kqci8320tz_21.png https://assets.wuiltstore.com/cminu3o2k0ad001kqc60j2xhh_22.png https://assets.wuiltstore.com/cminucgnn0adh01kqclabbifg_34.png https://assets.wuiltstore.com/cminuchl20adi01kq950g9y0i_35.png https://assets.wuiltstore.com/cminucimz0adj01kq8uux5xfu_36.png https://assets.wuiltstore.com/cminucjny0adk01kq63pnf821_37.png https://assets.wuiltstore.com/cminuckra0adl01kqfo2mhko5_38.png https://assets.wuiltstore.com/cminucmca0adm01kq7nai6ptw_39.png https://assets.wuiltstore.com/cminucnbe0adn01kq7tojckvg_40.png https://assets.wuiltstore.com/cminucoa60ado01kq1nnreq0e_41.png https://assets.wuiltstore.com/cminucp6k0adp01kq1wtw7hmf_42.png,,,
,,,,عدد الورق,100,,,,,,,80,65,,,,,
كشكول كبير دبوس,,,,,,,,,,,,60,40,,https://assets.wuiltstore.com/cminu5r200ad201kq3lfh7836_25.png https://assets.wuiltstore.com/cminu5s410ad301kq0m9b7wpu_24.png https://assets.wuiltstore.com/cminu5t8e0ad401kq1i2191e5_26.png https://assets.wuiltstore.com/cminu5u5u0ad501kq5irpeqxq_27.png,,,دفاتر / كشاكيل
تو دو ليست لُطف,,,,,,,,,,,,100,70,,https://assets.wuiltstore.com/cmint2rgh0a9r01kqgi943hor_45.png https://assets.wuiltstore.com/cmint2sks0a9s01kqen8zedlf_46.png https://assets.wuiltstore.com/cmint2tll0a9t01kq6l8qcerj_47.png https://assets.wuiltstore.com/cmint2vix0a9v01kqf83wccp2_48.png https://assets.wuiltstore.com/cmint2uig0a9u01kq8l2rbfzb_49.png,,,ادوات التخطيط والتلخيص
تو دو ليست,,,,,,,,,,,,70,55,,https://assets.wuiltstore.com/cminsxagu0a9b01kqgzk5g6ts_30.png https://assets.wuiltstore.com/cminsxbic0a9c01kq6bd66xcz_31.png https://assets.wuiltstore.com/cminsxcf60a9d01kqc4w1g3em_32.png https://assets.wuiltstore.com/cminsxddy0a9e01kqejksgp8t_33.png https://assets.wuiltstore.com/cminsxf3l0a9g01kq9r7x39k5_34.png https://assets.wuiltstore.com/cminsxe990a9f01kqajwi9w69_35.png,,,ادوات التخطيط والتلخيص
مخطط اسبوعي,,,,المجموعه,مخطط اسبوعي,,,,,,,200,160,,https://assets.wuiltstore.com/cminsv5hg0a8x01kqe1nkbnhz_24.png https://assets.wuiltstore.com/cminsv6d10a8y01kq9z2h842c_25.png https://assets.wuiltstore.com/cminsv77u0a8z01kqfalx99zm_26.png https://assets.wuiltstore.com/cminsv8650a9001kqchfwbrlp_27.png https://assets.wuiltstore.com/cminsva1x0a9201kq2zl25ac3_28.png https://assets.wuiltstore.com/cminsv94e0a9101kqbh502am7_29.png,,,ادوات التخطيط والتلخيص
,,,,المجموعه,مخطط اسبوعي + ToDoList,,,,,,,250,210,,,,,
القرآن رفيقي,,,,,,,,,,,,200,160,,https://assets.wuiltstore.com/cminsqxvc0a8k01kq6j696fbh_14.png https://assets.wuiltstore.com/cminsqyws0a8l01kq57j868bh_15.png https://assets.wuiltstore.com/cminsqzv40a8m01kqgh7u514z_16.png https://assets.wuiltstore.com/cminsr0tb0a8n01kqegcigzc4_17.png https://assets.wuiltstore.com/cminsr1r70a8o01kqf38eexk7_18.png https://assets.wuiltstore.com/cminsr2rs0a8p01kq4bkdd9ma_19.png https://assets.wuiltstore.com/cminsr3rt0a8q01kqh3x84y4z_20.png https://assets.wuiltstore.com/cminsr4pp0a8r01kq7y6va8c4_21.png https://assets.wuiltstore.com/cminsr6lk0a8t01kqcibq3au1_22.png https://assets.wuiltstore.com/cminsr5nl0a8s01kqgj634tkj_23.png,,,ادوات التخطيط والتلخيص
بلانر يومية,,,,,,,,,,,,180,140,,https://assets.wuiltstore.com/cminsinto0a8701kq1xpx4uzl_5.png https://assets.wuiltstore.com/cminsiot80a8801kqcvfcg82w_6.png https://assets.wuiltstore.com/cminsipr50a8901kq83nrhngw_7.png https://assets.wuiltstore.com/cminsiqp30a8a01kqbh6cetnj_8.png https://assets.wuiltstore.com/cminsirmn0a8b01kqc83nc56k_9.png https://assets.wuiltstore.com/cminsisic0a8c01kq9np4gdib_10.png https://assets.wuiltstore.com/cminsitfq0a8d01kqgvnk3ngf_11.png https://assets.wuiltstore.com/cminsivj00a8f01kqfno733y5_12.png https://assets.wuiltstore.com/cminsiuiz0a8e01kq4nju7l0l_13.png,,,ادوات التخطيط والتلخيص
جلو جليتر,,,,,,,,,,,,30,26,,https://assets.wuiltstore.com/cminqroca0a5301kqe4p85khd_1.png https://assets.wuiltstore.com/cminqrq6v0a5501kqc1nebeoz_2.png https://assets.wuiltstore.com/cminqrpcp0a5401kq6grtfetj_3.png,,,أدوات فنية / تلوين
وشي تيب ألوان,,,,,,,,,,,,10,9,,https://assets.wuiltstore.com/cminqlgtq0a3t01kq9urzfebc_1.png https://assets.wuiltstore.com/cminqliiw0a3v01kqey9j5x1r_2.png https://assets.wuiltstore.com/cminqlhnt0a3u01kq5nl2gfrj_3.png,,,أدوات فنية / تلوين
اقلام تلوين خشب باندا ,,,,اللون,اسود,الطول,قصير,,,,,50,35,,https://assets.wuiltstore.com/cminq3mt10a2l01kq4ueqfuqb_1.png https://assets.wuiltstore.com/cminq3nqp0a2m01kqdr7j2h10_3.png https://assets.wuiltstore.com/cminq3pv80a2o01kq9j01dm82_4.png https://assets.wuiltstore.com/cminq3os20a2n01kq7wt9ch8c_2.png https://assets.wuiltstore.com/cminqbz0o0a3501kqamy72khr_12.png https://assets.wuiltstore.com/cminqc0040a3601kqe4cwabtk_13.png https://assets.wuiltstore.com/cminqc0yb0a3701kq93et3mgf_11.png https://assets.wuiltstore.com/cminqceua0a3801kq7a0951of_11.png https://assets.wuiltstore.com/cminqcwqz0a3901kqcbkuciq9_11.png https://assets.wuiltstore.com/cminqcxno0a3a01kqcq63deqg_12.png https://assets.wuiltstore.com/cminqcymz0a3b01kq9vyreqp6_13.png,,,
,,,,اللون,اخضر,الطول,قصير,,,,,50,35,,,,,
,,,,اللون,اسود,الطول,طويل,,,,,100,70,,,,,
نوت خاطرتي  ,,,,,,,,,,,,60,55,,https://assets.wuiltstore.com/cminpq3qr0a0h01kq8kni3rep_1.png https://assets.wuiltstore.com/cminpq4nt0a0i01kq88za1ucd_2.png https://assets.wuiltstore.com/cminpq5ld0a0j01kq1zg58cg9_3.png,,,نوت بوك
نوت هارد كفر طباعة ليزر,,,,,,,,,,,,150,115,,https://assets.wuiltstore.com/cminpjg6e0a0001kqbe6gd8tn_5.png https://assets.wuiltstore.com/cminpjhch0a0101kqdhh9dqiq_2.png https://assets.wuiltstore.com/cminpjii30a0201kq988yd6wm_1.png https://assets.wuiltstore.com/cminpjjl00a0301kq59zmeybg_3.png https://assets.wuiltstore.com/cminpjko60a0401kq27blhk35_6.png https://assets.wuiltstore.com/cminpjltt0a0501kq7q05bfb6_4.png https://assets.wuiltstore.com/cminpjmum0a0601kq7up1568f_7.png https://assets.wuiltstore.com/cminpjnsj0a0701kqfps13w67_8.png,,,نوت بوك
نوت بوك ورق كريمي,,,,الحجم,صغير,,,,,,,40,,,https://assets.wuiltstore.com/cminpg5sl09zr01kq7b5u11x5_1.png https://assets.wuiltstore.com/cminpg6r409zs01kq0dhx59vs_2.png https://assets.wuiltstore.com/cminpg7pf09zt01kqc4ks4r60_3.png https://assets.wuiltstore.com/cminpg8of09zu01kqhpe4cd20_4.png https://assets.wuiltstore.com/cminpgave09zw01kq2xz86vhb_5.png https://assets.wuiltstore.com/cminpg9sm09zv01kqe52c2vn1_6.png,,,نوت بوك
,,,,الحجم,كبير,,,,,,,55,,,,,,
نوت بوك + قلم,,,,,,,,,,,,70,60,,https://assets.wuiltstore.com/cminpbopy09zi01kq9d4x975a_2.png https://assets.wuiltstore.com/cminpbpu809zj01kq3htk6yla_3.png https://assets.wuiltstore.com/cminpbqsf09zk01kqessr110y_4.png https://assets.wuiltstore.com/cminpbrrr09zl01kqb7i01j3b_5.png https://assets.wuiltstore.com/cminpbsry09zm01kqaet8833m_6.png https://assets.wuiltstore.com/cminpbtt409zn01kq5dh2d8jl_1.png,,,نوت بوك
استيكي نوت بلانشيطة,,,,,,,,,,,,70,50,,https://assets.wuiltstore.com/cminor9kg09ym01kq55j44308_1.png https://assets.wuiltstore.com/cminorbnl09yo01kq3u6a36qp_2.png https://assets.wuiltstore.com/cminorapd09yn01kqfflr5zxx_3.png,,,استيكي نوت
بديل الهايلايتر,,,,,,,,,,,,50,35,,https://assets.wuiltstore.com/cminogs1109ws01kqdf8qbj01_1.png https://assets.wuiltstore.com/cminogqxs09wr01kqhg0ehll7_2.png,,,استيكي نوت
مقلمة شبك,,,,,,,,,,,,160,110,,https://assets.wuiltstore.com/cminnld2u09t401kq57eu9fuc_1.png https://assets.wuiltstore.com/cminnleek09t501kq86ssdejm_4.png https://assets.wuiltstore.com/cminnlft409t601kqd6ug2zuu_2.png https://assets.wuiltstore.com/cminnli2809t801kq1spl4vpo_3.png https://assets.wuiltstore.com/cminnlgwu09t701kq2v5dflmk_5.png,,,مقالم مستوردة
منظم ريحانة,,,,,,,,,,,,95,85,,https://assets.wuiltstore.com/cminlbuff09nv01kq9ws7ajpm_2.png https://assets.wuiltstore.com/cminlbvim09nw01kq56a97gxs_3.png https://assets.wuiltstore.com/cminlbwro09nx01kq26trb4gk_4.png https://assets.wuiltstore.com/cminlbz0p09nz01kq57ns7x1s_5.png https://assets.wuiltstore.com/cminlbxxi09ny01kq0hft74z5_1.png,,,المنظمات
منظم ميني  متعدد الاستخدامات بلاستيك,,,,,,,,,,,,50,40,,https://assets.wuiltstore.com/cminkpv9l09mc01kqcf7c62l5_1.png https://assets.wuiltstore.com/cminkpw4109md01kq9lbz03yu_2.png https://assets.wuiltstore.com/cminkpwvm09me01kqbtakey3m_3.png https://assets.wuiltstore.com/cminkpyri09mg01kqc6yifby7_4.png https://assets.wuiltstore.com/cminkpxu109mf01kq65q8dlsv_5.png,,,المنظمات
منظم درج كبير,,,,,,,,,,,,100,85,,https://assets.wuiltstore.com/cminkn31009m401kqayav2hac_1.png https://assets.wuiltstore.com/cminkn3xi09m501kq5efl9cww_2.png https://assets.wuiltstore.com/cminkn61009m701kq1ztz5d0k_3.png https://assets.wuiltstore.com/cminkn4xu09m601kq7jeehbn1_4.png,,,المنظمات
منظم اكلريك,,,,,,,,,,,,150,120,,https://assets.wuiltstore.com/cminkg0zc09l501kq8kkn70qm_1.png https://assets.wuiltstore.com/cminkg1zv09l601kq88vu5rsf_5.png https://assets.wuiltstore.com/cminkg2z109l701kqfdzfd5d4_2.png https://assets.wuiltstore.com/cminkg3yw09l801kqgqaz3txz_3.png https://assets.wuiltstore.com/cminkg63h09la01kqamw11wcu_4.png https://assets.wuiltstore.com/cminkg52z09l901kq1xzg3a2z_6.png,,,المنظمات
منظم مني,,,,,,,,,,,,45,,,https://assets.wuiltstore.com/cmink9dg409k201kq50wx98x6_1.png https://assets.wuiltstore.com/cmink9ek609k301kq07ta0dxg_4.png https://assets.wuiltstore.com/cmink9gvv09k501kq7cbshuz6_2.png https://assets.wuiltstore.com/cmink9fpi09k401kq59wv7kql_3.png,,,المنظمات
سبت ميني  متعدد الاستخدامات بلاستيك,,,,,,,,,,,,50,45,,https://assets.wuiltstore.com/cminjqw9v09gq01kq7ryob3nc_2.png https://assets.wuiltstore.com/cminjqvef09gp01kq2z06gf7p_1.png,,,المنظمات
منظم كتب,,,,اللون,مينت جرين,,,,,,,60,45,,https://assets.wuiltstore.com/cminjm8lg09fm01kqafd6djm4_4.png https://assets.wuiltstore.com/cminjm9k809fn01kq9u955wt5_5.png https://assets.wuiltstore.com/cminjmaid09fo01kqg932da5s_6.png https://assets.wuiltstore.com/cminjmbdj09fp01kqcgro685v_7.png https://assets.wuiltstore.com/cminjmcmf09fq01kq3ejtacqf_1.png https://assets.wuiltstore.com/cminjmes809fs01kqd4keeony_2.png https://assets.wuiltstore.com/cminjmdpk09fr01kqbbpnbre0_3.png,,,
,,,,اللون,بينك فاتح ,,,,,,,60,45,,,,,
,,,,اللون,بينك غامق,,,,,,,60,45,,,,,
,,,,اللون,ابيض ,,,,,,,60,45,,,,,
